-- MySQL dump 10.13  Distrib 5.7.11, for Linux (x86_64)
--
-- Host: localhost    Database: qh_logistics
-- ------------------------------------------------------
-- Server version	5.5.46

/*!40101 SET @OLD_CHARACTER_SET_CLIENT=@@CHARACTER_SET_CLIENT */;
/*!40101 SET @OLD_CHARACTER_SET_RESULTS=@@CHARACTER_SET_RESULTS */;
/*!40101 SET @OLD_COLLATION_CONNECTION=@@COLLATION_CONNECTION */;
/*!40101 SET NAMES utf8 */;
/*!40103 SET @OLD_TIME_ZONE=@@TIME_ZONE */;
/*!40103 SET TIME_ZONE='+00:00' */;
/*!40014 SET @OLD_UNIQUE_CHECKS=@@UNIQUE_CHECKS, UNIQUE_CHECKS=0 */;
/*!40014 SET @OLD_FOREIGN_KEY_CHECKS=@@FOREIGN_KEY_CHECKS, FOREIGN_KEY_CHECKS=0 */;
/*!40101 SET @OLD_SQL_MODE=@@SQL_MODE, SQL_MODE='NO_AUTO_VALUE_ON_ZERO' */;
/*!40111 SET @OLD_SQL_NOTES=@@SQL_NOTES, SQL_NOTES=0 */;

--
-- Table structure for table `hst_out_box`
--

DROP TABLE IF EXISTS `hst_out_box`;
/*!40101 SET @saved_cs_client     = @@character_set_client */;
/*!40101 SET character_set_client = utf8 */;
CREATE TABLE `hst_out_box` (
  `hst_id` int(11) NOT NULL AUTO_INCREMENT,
  `id` int(11) NOT NULL DEFAULT '0',
  `name` varchar(20) NOT NULL,
  `memo` text,
  `length` int(5) NOT NULL DEFAULT '0',
  `width` int(5) NOT NULL DEFAULT '0',
  `height` int(5) NOT NULL DEFAULT '0',
  `weight` int(5) NOT NULL DEFAULT '0',
  `staff_id` int(11) NOT NULL DEFAULT '0',
  `status` tinyint(1) NOT NULL DEFAULT '0',
  `customer_id` int(11) DEFAULT '0',
  `delete_flag` tinyint(1) DEFAULT '0',
  `delivery_no` varchar(30) DEFAULT NULL,
  `update_at` timestamp NOT NULL DEFAULT CURRENT_TIMESTAMP,
  `update_by` int(11) NOT NULL DEFAULT '0',
  PRIMARY KEY (`hst_id`)
) ENGINE=InnoDB DEFAULT CHARSET=utf8;
/*!40101 SET character_set_client = @saved_cs_client */;

--
-- Dumping data for table `hst_out_box`
--

LOCK TABLES `hst_out_box` WRITE;
/*!40000 ALTER TABLE `hst_out_box` DISABLE KEYS */;
/*!40000 ALTER TABLE `hst_out_box` ENABLE KEYS */;
UNLOCK TABLES;

--
-- Table structure for table `mst_customer`
--

DROP TABLE IF EXISTS `mst_customer`;
/*!40101 SET @saved_cs_client     = @@character_set_client */;
/*!40101 SET character_set_client = utf8 */;
CREATE TABLE `mst_customer` (
  `id` int(11) NOT NULL AUTO_INCREMENT,
  `name` varchar(100) NOT NULL,
  `real_name` varchar(100) DEFAULT NULL,
  `address` varchar(100) DEFAULT NULL,
  `telephone1` varchar(20) DEFAULT NULL,
  `telephone2` varchar(20) DEFAULT NULL,
  `email` varchar(50) DEFAULT NULL,
  `id_confirmed_flag` tinyint(1) NOT NULL DEFAULT '0',
  `id_card_no` varchar(50) DEFAULT NULL,
  `id_card_pic_front` varchar(100) DEFAULT NULL,
  `id_card_pic_back` varchar(100) DEFAULT NULL,
  `company_name` varchar(100) DEFAULT NULL,
  `company_address` varchar(100) DEFAULT NULL,
  `company_telephone` varchar(20) DEFAULT NULL,
  `delete_flag` tinyint(1) NOT NULL DEFAULT '0',
  PRIMARY KEY (`id`)
) ENGINE=InnoDB AUTO_INCREMENT=51 DEFAULT CHARSET=utf8;
/*!40101 SET character_set_client = @saved_cs_client */;

--
-- Dumping data for table `mst_customer`
--

LOCK TABLES `mst_customer` WRITE;
/*!40000 ALTER TABLE `mst_customer` DISABLE KEYS */;
INSERT INTO `mst_customer` VALUES (1,'メアモール','株式会社メアモール','東京都台東区蔵前4丁目3−4','03-5829-9500','45894846','info@mamol.co.jp',1,'88888888','/static/img/20160509015320_id_card_pic_front_copy_of_Widescreen-Image-1366x768.jpg','/static/img/20160509015334_id_card_pic_back_copy_of_Widescreen-Image-1366x768.jpg','株式会社メアモール','東京都台東区蔵前4丁目3−4','03-5829-9500',1),(2,'メアモール2No2','株式会社メアモール2','東京都台東区蔵前4丁目3−42','','568485486','info@mamol.co.jp2',0,'','/static/img/20160502220648_id_card_pic_front_dfdf.jpg','/static/img/20160502220648_id_card_pic_back_index.png','株式会社メアモール2','東京都台東区蔵前4丁目3−42','03-5829-95003',1),(3,'bo','wangbo','linkaityou','1234567','7654321','wangbo@gmail.com',0,'',NULL,NULL,'mamol','kuramae','03-9999-9999',1),(4,'jiafu','jiafuchun','kuramae','080-9999-9999','080-8888-8888','jiafuchun@gmail.com',0,'371082198809101015',NULL,NULL,'mamol','kuramae','03-333333',1),(5,'jiafu','jiafuchun','kuramae','080-9999-9999','080-8888-8888','jiafuchun@gmail.com',0,'371082198809101015',NULL,NULL,'mamol','kuramae','03-333333',1),(6,'jiafu','jiafuchun','kuramae','080-9999-9999','080-8888-8888','jiafuchun@gmail.com',0,'371082198809101015',NULL,NULL,'mamol','kuramae','03-333333',1),(7,'jiafu','jiafuchun','kuramae','080-9999-9999','080-8888-8888','jiafuchun@gmail.com',0,'371082198809101015',NULL,NULL,'mamol','kuramae','03-333333',1),(8,'jiafu','jiafuchun','kuramae','080-9999-9999','080-8888-8888','jiafuchun@gmail.com',0,'371082198809101015',NULL,NULL,'mamol','kuramae','03-333333',1),(9,'chenwenj','chenwenhua','ryoukoku','080-5555-5555','080-4444-4444','wenhua@gmail.com',0,'371082198805050505',NULL,NULL,'mamol','kuramae','03-9999-9999',1),(10,'gengguoyao','guoyao','sinnjyuku ','080-9999-9999','080-5555-5555','geng@gmail.com',1,'37454545616456646465',NULL,NULL,'株式会社','浅草桥','03-9999-8888',1),(11,'kiku','鞠','warabi','080-9486-8888','080-4444-5555','juteng@gmail.com',0,'371082198809101014',NULL,NULL,'mamol','kurame','03-9999-8888',1),(12,'gengguo','guo','sinnjyku ','080-8888-8888','080-5888-8888','geng@gmail.com',1,'374841484884',NULL,NULL,'mamol','karamae','03-999-8888',1),(13,'sakura','sakura','kneogal ','854948','519684531','jjl;gkaj@com',0,'4876486',NULL,NULL,'engoaiuj ','gsgagahaha','984634',1),(14,'kkkkkkkkk','kkkkkkkkkkkk','toukyoutokoutouku','123456479','126497513','kkkkkkk@gmail.com',1,'9874198716351987',NULL,NULL,'hitasu','toukyoto','789456123',1),(15,'aaaaaaa','aaaaaaaaaaaa','toukyousumidaku','4915676','798754654','aaaaaa@hotmail.com',1,'4846343151',NULL,NULL,'asahikasa','toukyoutotoyosimaku','98564231',1),(16,'harei','haolei','tibakenkasiwasi','778664','','haolei@hotmail.com',1,'54971321',NULL,NULL,'tousibahuu','toukyoutosibasura','0388965466',1),(17,'wang','wang','wang','123','123','wang@com',0,'123',NULL,NULL,'wang','wang','123',1),(18,'admin','df','sdf','sdf','fgh','fgh',0,'343434','/static/img/20160502221516_id_card_pic_front_index.png','/static/img/20160502221516_id_card_pic_back_pc3_areas_add.png','fghf','dg','dfg',1),(19,'TW.KHM','khm','TW','1234567','','304257127@qq.com',0,'111111111',NULL,NULL,'KHM','TW','',1),(20,'pan','pan','saitama','000-111-2222','','pan@gmail.com',0,'None',NULL,NULL,'','','',1),(21,'juteng','juteng','東京都豊島区','１８９４６３７４９８４','','juteng@hotmail.com',0,'None',NULL,NULL,'mo','東京都江東区','4845665654',1),(22,'TW-DAISY','TW-DAISY','TAIWAN','','','',0,'None',NULL,NULL,'','','',0),(23,'TW-KHM','TW-KHM','TAIWAN','','','',0,'None',NULL,NULL,'','','',0),(24,'TW-32411','TW-32411','TAIWAN','','','',0,'None',NULL,NULL,'','','',0),(25,'TW-AIAMAI','TW-AIAMAI','TAIWAN','','','',0,'None',NULL,NULL,'','','',0),(26,'TW-RACHEL','TW-孫瑞霞','TAIWAN','','','',0,'None',NULL,NULL,'','','',0),(27,'TW-COCO','TW-COCO','TAIWAN','','','',0,'None',NULL,NULL,'','','',0),(28,'HK-MAGGIE LEE','HK-MAGGIE LEE','HONGKONG','','','',0,'None',NULL,NULL,'','','',0),(29,'HK-SMOOCH','HK-馬先生','HONGKONG','','','',0,'None',NULL,NULL,'','','',0),(30,'TW-KHM','KHM','TAI WAN','','','',0,'None',NULL,NULL,'','','',1),(31,'TW-lin yuling','TW-LIN YULING','TAI WAN','','','',0,'None',NULL,NULL,'','','',1),(32,'HK-TANYA CHAN','TANYA CHAN','HONGKONG','','','',0,'None',NULL,NULL,'','','',0),(33,'TW-JUJUS','TW-LIN YULING','TAI WAN','','','',0,'None',NULL,NULL,'','','',0),(34,'TEST','测试用数据','','','','',0,'None',NULL,NULL,'','','',1),(35,'测试用数据','测试用数据','','','','',0,'None',NULL,NULL,'','','',1),(36,'TW-NIKU','TW-NIKU','TAI WAN','','','',0,'None',NULL,NULL,'','','',0),(37,'TEST','TEST','TEST','','','',0,'None',NULL,NULL,'','','',1),(38,'TW.TAMAMA88','TW.TAMAMA88','TAI WAN','','','',0,'None',NULL,NULL,'','','',0),(39,'TEST','TEST','','','','',0,'None',NULL,NULL,'','','',1),(40,'周林林','Hk,  周林林','','','','',0,'None',NULL,NULL,'','','',0),(41,'TW.,,','','','','','',0,'None',NULL,NULL,'','','',1),(42,'TW.,,','','','','','',0,'None',NULL,NULL,'','','',1),(43,'TW. If hk','','','','','',0,'None',NULL,NULL,'','','',1),(44,'TW，e v de','','','','','',0,'None',NULL,NULL,'','','',1),(45,'TW，e','','','','','',0,'None',NULL,NULL,'','','',1),(46,'TW，evatseng','TW,e vatseng','Taiwan','','','',0,'None',NULL,NULL,'','','',0),(47,'Tw,jc',' Tw,jc','','','','',0,'None',NULL,NULL,'','','',0),(48,'TW，huangyaomin',' ','','','','',0,'None',NULL,NULL,'','','',1),(49,'Tw,huangyaomin','Tw,黄耀民','Taiwan','886919604837','','',0,'None',NULL,NULL,'','','',0),(50,' Tw,jessicawen','Tw,jessicawen',' TW,jessicawen','','','',0,'None',NULL,NULL,'','','',0);
/*!40000 ALTER TABLE `mst_customer` ENABLE KEYS */;
UNLOCK TABLES;

--
-- Table structure for table `mst_in_box`
--

DROP TABLE IF EXISTS `mst_in_box`;
/*!40101 SET @saved_cs_client     = @@character_set_client */;
/*!40101 SET character_set_client = utf8 */;
CREATE TABLE `mst_in_box` (
  `id` int(11) NOT NULL AUTO_INCREMENT,
  `import_time` timestamp NOT NULL DEFAULT CURRENT_TIMESTAMP,
  `name` varchar(20) NOT NULL,
  `memo` text,
  `length` int(5) NOT NULL DEFAULT '0',
  `width` int(5) NOT NULL DEFAULT '0',
  `height` int(5) NOT NULL DEFAULT '0',
  `weight` double NOT NULL DEFAULT '0',
  `customer_id` int(11) DEFAULT NULL,
  `staff_id` int(1) NOT NULL DEFAULT '0',
  `status` tinyint(1) NOT NULL DEFAULT '0',
  `delete_flag` tinyint(1) DEFAULT '0',
  PRIMARY KEY (`id`)
) ENGINE=InnoDB AUTO_INCREMENT=341 DEFAULT CHARSET=utf8;
/*!40101 SET character_set_client = @saved_cs_client */;

--
-- Dumping data for table `mst_in_box`
--

LOCK TABLES `mst_in_box` WRITE;
/*!40000 ALTER TABLE `mst_in_box` DISABLE KEYS */;
INSERT INTO `mst_in_box` VALUES (1,'2016-04-13 12:58:21','包裹1','34',4,5,6,7,1,5,2,1),(12,'2016-04-13 12:58:21','包裹2','',5,6,1,5,1,5,1,1),(13,'2016-04-13 13:05:57','包裹3','',6,7,4,6,1,5,0,1),(16,'2016-04-20 03:29:08','test','test',100,100,100,50,1,5,0,1),(17,'2016-04-20 04:07:22','test入库','test用',50,60,70,80,1,5,0,1),(18,'2016-04-20 05:55:55','测试删除','测试ceshi',55,66,75,12,1,5,0,1),(19,'2016-04-20 07:07:50','No4aa','4',50,60,70,120,1,5,0,1),(20,'2016-04-26 04:31:24','测试','ceshiyong',4,5,6,7,2,4,0,1),(21,'2016-04-27 05:37:48','爲兒童','其外額',10,10,10,10,2,5,1,1),(22,'2016-04-27 05:46:11','wef','wef',0,0,0,0,8,0,0,1),(23,'2016-04-27 06:59:15','hi','hi',10,10,10,10,2,4,0,1),(24,'2016-04-28 06:39:08','','',0,0,0,0,2,5,0,1),(25,'2016-05-02 04:23:15','','',0,0,0,0,0,0,0,1),(27,'2016-05-02 07:37:09','吉田','jiuo',58,34,12,10,2,5,0,1),(28,'2016-05-02 07:54:23','kkkkkkkkkkkkkkk','kaak',10,10,10,20,14,5,1,1),(29,'2016-05-02 07:55:07','fjks','daf',50,20,50,10,14,5,1,1),(30,'2016-05-02 08:48:35','adc','adc',10,20,30,55,17,4,1,1),(31,'2016-05-06 03:13:55','1#','雜貨',35,35,35,16,19,14,2,1),(32,'2016-05-06 04:19:48','Ru1','',12,12,12,50,20,14,1,1),(33,'2016-05-09 01:55:38','ruku1','ruku1',34,34,34,55,21,12,1,1),(34,'2016-05-11 01:36:55','蟑螂藥','',32,31,10,2,28,14,2,1),(35,'2016-05-11 01:38:19','','',0,0,0,2,28,14,0,1),(36,'2016-05-11 01:38:32','','',0,0,0,3,28,14,0,1),(37,'2016-05-11 01:38:48','','',0,0,0,2,28,14,0,1),(38,'2016-05-11 02:02:50','HK.Maggie    1#','HK1#    蟑螂藥',32,31,10,2,28,12,0,1),(39,'2016-05-12 04:02:15','TW.KHM1#','1#   調理器/4個',46,36,25,8.85,23,14,0,1),(40,'2016-05-12 04:08:30','TW.DAISY','2# 數字測量杯/12個',52,36,50,8.5,22,14,2,1),(41,'2016-05-12 06:41:37','TW.DAISY1#','1# 數字測量杯/12個',52,37,50,8.5,22,12,0,1),(42,'2016-05-12 06:44:23','TW.DAISY2#','2# 數字測量杯/11個',52,37,50,7.4,22,12,0,1),(43,'2016-05-12 06:48:22','TW.DAISY3#','3# 數字測量杯/12個',52,37,50,8.5,22,12,0,1),(44,'2016-05-13 01:19:08','出庫1','',26,26,26,10,29,14,2,1),(45,'2016-05-13 02:37:36','HK.Maggie lee2#','HK2#    兒童雨鞋/17個',50,45,23,3.35,28,12,0,1),(46,'2016-05-13 07:11:51','HK.Maggie lee3#','HK.3#蟑螂藥/10個',26,20,8,0.7,28,14,0,1),(47,'2016-05-16 01:12:03','TW.KHM2','2# 鐵鍋/5個',52,45,25,8.1,23,14,1,1),(48,'2016-05-16 01:16:10','TW.KHM3','3#  鐵鍋/10個',44,38,20,11.3,23,14,2,1),(49,'2016-05-16 02:49:41','TW.KHM4','4#  鐵鍋/10個',43,37,19,11.3,23,14,1,1),(50,'2016-05-16 02:55:08','TW-LINYULING1#','1# 鞋/1',30,20,12,0.85,31,14,0,1),(51,'2016-05-16 02:57:04','TW-LINYULING2#','2#鞋/1',33,32,12,1,31,14,0,1),(52,'2016-05-16 05:36:38','TW.KHM5','5#  鐵鍋/10個',42,37,19,11.3,23,14,1,1),(53,'2016-05-16 09:07:06','TW.KHM3','3#   鐵鍋10個',44,38,20,11.3,23,12,0,1),(54,'2016-05-17 00:45:30','TW.KHM 6#','火鍋爐/7個',57,37,37,11.6,23,14,0,1),(55,'2016-05-17 01:43:58','TW.DAISY7#','鐵鍋4個',56,37,31,4.8,23,14,0,1),(56,'2016-05-17 01:50:07','TW.KHM8#','鐵鍋4個',56,37,31,4.8,23,14,0,1),(57,'2016-05-17 01:52:33','TW.KHM9#','鐵鍋4個',66,48,39,5.8,23,14,0,1),(58,'2016-05-17 01:55:02','TW.KHM10#','鐵鍋4個',66,48,39,5.8,23,14,0,1),(59,'2016-05-17 01:57:27','HK.Maggie Lee  4#','雨鞋9雙',36,28,31,1.8,28,14,0,1),(60,'2016-05-17 02:00:41','HK-TANYA CHAN','包/4個',46,42,20,2.8,32,14,0,1),(61,'2016-05-20 01:02:36','TW.KHM 1#','封口器/20個',40,32,24,13.25,23,14,2,0),(62,'2016-05-20 01:04:12','TW.KHM2#','封口器/20個',48,31,18,13.8,23,14,2,0),(63,'2016-05-20 01:07:24','TW-JUJUS1#','麥片/12個',57,35,31,15,33,14,2,0),(64,'2016-05-20 01:08:34','TW.JUJUS2#','麥片/12個',57,35,31,15,33,14,0,1),(65,'2016-05-20 01:13:26','TW.KHM3#','鐵鍋/4個',50,41,24,10.5,23,14,2,0),(66,'2016-05-20 01:16:37','HK.Maggie Lee1#','涼鞋/16雙',37,30,35,14.5,28,14,2,0),(67,'2016-05-20 01:19:12','HK.Maggie Lee2#','驅蟲藥/5個',26,21,8,0.9,28,14,2,0),(68,'2016-05-20 01:55:03','馬先生','零食',20,20,20,10,29,14,2,1),(69,'2016-05-20 01:55:45','馬先生','鐵鍋4個',53,52,20,11.3,29,14,2,1),(70,'2016-05-20 02:29:10','馬先生','2# 數字測量杯/12個',26,36,20,9,29,14,2,1),(71,'2016-05-20 02:55:23','TW.KHM4#','鐵鍋3個',44,34,29,8.2,23,14,2,0),(72,'2016-05-20 02:57:27','TW.KHM5#','鐵鍋4個',56,36,31,10.7,23,14,2,0),(73,'2016-05-20 03:28:12','TW-JUJUS2#','麥片/12個',57,35,31,15,33,14,2,0),(74,'2016-05-20 03:30:40','TW.JUJUS3#','小風扇/28個',50,38,37,7.7,33,14,0,1),(75,'2016-05-23 00:54:32',' HK.Maggie Lee3#','小風扇/28個',50,38,37,7.7,28,14,2,0),(76,'2016-05-23 00:56:55','HK.Maggie Lee4#','小風扇/11個',48,35,12,2.2,28,14,2,0),(77,'2016-05-23 01:00:45','TW.DAISY1#','筷子/20個',34,25,13,3.8,22,14,2,0),(78,'2016-05-23 01:03:28','TW.DAISY2#','櫻花飯盒/20個',53,39,50,22.2,22,14,2,0),(79,'2016-05-23 02:32:41','test入庫箱','测试用入庫箱',0,0,0,0,34,4,2,1),(80,'2016-05-23 03:18:05','测试用数据','测试用数据',0,0,0,0,35,4,1,1),(81,'2016-05-23 06:27:49','TW.NIKU','鞋/2個',35,24,13,2.1,36,12,2,0),(82,'2016-05-24 05:20:44','TW.32411 1#','涼鞋/3雙',32,24,15,0.8,24,14,2,0),(83,'2016-05-24 05:27:17','TW.DAISY1#','瓷碗/5個',54,19,19,3.9,22,14,2,0),(84,'2016-05-24 05:29:06','TW.DAISY2#','瓷碗/6個',54,19,19,4.5,22,14,2,0),(85,'2016-05-24 05:33:32','TW.DAISY3#','杯子/3個',42,28,12,2.2,22,14,2,0),(86,'2016-05-24 05:36:50','TW.DAISY4#','口袋/2',40,32,16,4.1,22,14,2,0),(87,'2016-05-24 05:46:15','TW.DAISY5#','盤子/6',27,27,27,5.9,22,14,2,0),(88,'2016-05-24 05:48:48','TW.DAISY6#','盤子/5個',27,27,27,5,22,14,2,0),(89,'2016-05-24 05:52:10','TW.DAISY7#','杯子/6個',28,28,31,4.1,22,14,2,0),(90,'2016-05-24 05:53:49','TW.DAISY8#','杯子/6個',28,28,31,4.1,22,14,2,0),(91,'2016-05-25 02:54:27','HK.Maggie Lee1#','涼鞋4雙/ 已發走',39,31,10,1.6,28,14,2,0),(92,'2016-05-26 01:01:07','TW.32411 2#','零食/5個',26,26,15,0.9,24,14,2,0),(93,'2016-05-26 01:03:26','TW.32411 3#','涼鞋/1雙',33,26,3,0.2,24,14,2,0),(94,'2016-05-26 01:06:23','TW.KHM1#','鐵鍋/1個',61,36,13,2.3,23,14,2,0),(95,'2016-05-26 01:08:20','TW.KHM2#','鐵鍋/4個',56,36,32,7.6,23,14,2,0),(96,'2016-05-30 01:52:07','TW.JUJUS1#','烤肉板/1',37,35,16,2,33,14,2,0),(97,'2016-05-30 04:23:16','TW.KHM3#','鐵鍋/1個',61,36,13,1.5,23,14,2,0),(98,'2016-05-30 04:24:59','TW.JUJUS2#','麥片/12個',57,35,21,6.8,33,14,2,0),(99,'2016-06-02 01:06:23','TW.JUJUS1#','零食/24個',65,34,26,4,33,14,2,0),(100,'2016-06-02 01:08:10','HK-TANYA CHAN','雜貨45個（已發貨）',44,30,40,3.6,32,14,0,1),(101,'2016-06-02 01:09:57','TW.JUJUS1#','海苔醬*5',25,16,12,2,22,14,0,1),(102,'2016-06-02 02:53:50','testt','',0,0,0,0,37,4,1,1),(103,'2016-06-02 05:08:08','TW.NIKU1#','鞋/1雙',34,13,12,1.1,36,14,2,0),(104,'2016-06-02 05:12:22','HK.Maggie Lee1#','過濾網*44個',43,35,12,2.3,28,14,2,0),(105,'2016-06-03 03:55:34','TW.JUJUS2#','海苔醬*5',23,15,7,1.6,33,14,2,0),(106,'2016-06-06 02:51:02','TW.NIKU2#','鞋/3雙',37,35,13,2.8,36,14,2,0),(107,'2016-06-06 02:51:48','TW.NIKU3#','鞋/2',37,35,13,2,36,14,2,0),(108,'2016-06-06 02:55:21','HK.MAGGIE LEE2#','塑料桌/1個',56,33,8,1.5,28,14,2,0),(109,'2016-06-06 02:57:51','HK.MAGGIE LEE3#','涼鞋/7雙',45,33,11,2.8,28,14,2,0),(110,'2016-06-06 03:00:11','HK.MAGGIE LEE4#','脫毛/50個',47,34,17,6,28,14,2,0),(111,'2016-06-06 03:01:44','HK.MAGGIE LEE5#','脫毛/50個',47,34,17,6,28,14,2,0),(112,'2016-06-06 03:03:51','HK.TANYA CHAN1#','涼鞋/2雙',34,34,12,0.4,32,4,2,0),(113,'2016-06-06 06:21:47','TW.TAMAMA88  1#','新生兒衣服/62',45,39,33,5.2,38,14,2,0),(114,'2016-06-06 06:35:57','出庫3#TW.TAMAMA88','',0,0,0,0,38,14,0,1),(115,'2016-06-07 06:23:22','HK.Maggie Lee6#','過濾網*55',48,35,14,2.9,28,14,2,0),(116,'2016-06-07 07:00:29','TEST','',0,0,0,0,39,4,1,1),(117,'2016-06-08 02:05:40','TW.TAMAMA88  1#','瓷鍋*7 瓷架*2 夾子*4',53,28,33,6.9,38,14,2,0),(118,'2016-06-08 02:05:53','TW.TAMAMA88  2#','驅蟲掛件*1',23,17,10,0.3,38,14,2,0),(119,'2016-06-08 04:02:32','HK.Maggie Lee7#','涼鞋*3',31,31,11,1.2,28,14,2,0),(120,'2016-06-09 02:24:13','TW.TAMAMA88  3#','芝麻醬*6(液體 )、 調料*23',46,27,25,5.7,38,14,2,0),(121,'2016-06-09 02:28:36','TW.TAMAMA88  4#','調料*10袋',41,32,22,9.5,38,14,2,0),(122,'2016-06-09 02:32:37','TW.JUJUS1#','水果飲品*15 (液體）',23,17,12,2.3,33,14,2,0),(123,'2016-06-13 03:32:22','TW.TAMAMA88  5#','睡袋*2',33,26,7,0.4,38,14,2,0),(124,'2016-06-13 03:34:20','TW.TAMAMA88  6#','坐墊*1',55,37,32,1.3,38,14,2,0),(125,'2016-06-13 05:02:41','TW.NIKU1#','鞋*1',35,13,15,1,36,14,2,0),(126,'2016-06-14 01:15:06','TW.TAMAMA88  1#','',0,0,0,0,38,14,2,1),(127,'2016-06-14 01:37:34','twmama1#','玩具',80,50,30,20,38,4,2,0),(128,'2016-06-21 07:38:49','','桌子',56,33,8,1.5,28,15,0,1),(129,'2016-06-27 04:37:18','出庫1# HK.Maggie Lee','帽子',0,0,0,0,29,15,2,0),(130,'2016-06-27 04:42:03','HK.Maggie Lee','帽子',48,43,30,3,29,15,2,0),(131,'2016-06-27 04:47:24','HK.Maggie Lee','帽子',49,45,61,6.7,28,15,2,0),(132,'2016-06-27 04:49:10','HK.Maggie Lee','帽子',47,45,61,6.7,28,15,2,0),(133,'2016-06-27 04:53:45','HK.Maggie Lee','帽子',70,54,30,3.6,28,15,2,0),(134,'2016-06-27 04:57:54','HK.Maggie Lee','鞋',39,28,29,4.5,28,15,2,0),(135,'2016-06-27 04:59:22','HK.Maggie Lee','鞋',39,28,29,4.5,28,15,2,0),(136,'2016-06-27 05:00:48','HK.Maggie Lee','鞋',39,28,29,4.5,28,15,2,0),(137,'2016-06-27 05:06:21','HK.Maggie Lee','凉鞋，衣服',44,29,28,4.5,28,15,2,0),(138,'2016-06-27 05:07:02','HK.Maggie Lee','zuo',0,0,0,0,28,15,0,1),(139,'2016-06-27 05:09:20','HK.Maggie Lee','桌子',57,33,1,1.5,28,15,2,0),(140,'2016-06-27 06:10:39','TW.DAISY','制冰器7个',64,46,37,8,22,15,2,0),(141,'2016-06-27 06:14:09','TW.DAISY','制冰器3个',48,38,78,3.7,22,15,2,0),(142,'2016-06-27 06:26:02','t w，niku','鞋*1',35,14,12,1.1,36,15,2,0),(143,'2016-06-27 06:30:46','tw，niku','鞋，5双',53,37,27,5.8,36,15,2,0),(144,'2016-06-28 04:32:44','TW.DAISY','面',31,22,8,2,22,15,2,0),(145,'2016-06-28 04:35:57','HK.Maggie Lee','洗shu',0,0,0,0,28,15,0,1),(146,'2016-06-28 04:38:13','HK.Maggie Lee','洗素菜',43,35,13,5,28,15,2,0),(147,'2016-06-29 02:48:40','20160629#tamama#1','服＊６',35,33,5,0.45,38,15,2,0),(148,'2016-06-29 02:49:46','20160629#tamama#２','靴＊２',53,19,14,1.15,38,15,2,0),(149,'2016-07-04 04:05:59','鞋7双','  1#',39,28,29,3,28,15,2,0),(150,'2016-07-04 04:11:21','鞋6双','2#',39,28,29,3,28,15,2,0),(151,'2016-07-04 04:16:17','托毛，20个','3#',30,29,10,2,28,15,2,0),(152,'2016-07-04 04:30:25','托毛，20个','4#',30,29,10,2,28,15,2,0),(153,'2016-07-12 03:59:03','7月12日1#','鞋9双',43,29,28,2,28,15,2,0),(154,'2016-07-12 04:03:11','椅子1个','7月12日2#',61,52,44,14,28,15,2,0),(155,'2016-07-12 04:11:57','7月12日3#','毛巾，1440',70,61,42,23,28,15,2,0),(156,'2016-07-12 04:13:17','7月12日3#','毛巾，1440',70,61,42,23,28,15,2,0),(157,'2016-07-12 06:02:38','7月12日1#','盘子6个',42,23,18,5,22,15,2,0),(158,'2016-07-12 06:07:56','7月12日2#','袋子7个',30,30,14,1,22,15,2,0),(159,'2016-07-12 06:11:19','7月12日3#','计量器3个',43,43,20,3,22,15,2,0),(160,'2016-07-12 06:17:09','7月12日1#','鞋/1雙',35,14,11,1,36,15,2,0),(161,'2016-07-12 06:26:46','7月12日1#','巧克力1个菠萝两个西瓜一个 合点心',40,31,21,3,24,15,2,0),(162,'2016-07-19 04:09:09','HK.Maggie Lee','鞋/2雙凉鞋',34,27,10,1,28,15,2,0),(163,'2016-07-19 04:18:24','HK.Maggie Lee','防蚊药20个',41,21,27,2,28,15,2,0),(164,'2016-07-19 04:21:53','HK.Maggie Lee','防蚊药40个',41,21,52,4.4,28,15,2,0),(165,'2016-07-19 04:23:19','HK.Maggie Lee','防蚊药40个',41,21,52,4.4,28,15,2,0),(166,'2016-07-19 04:26:46','HK.Maggie Lee','  防蚊器',41,21,52,44,28,15,0,1),(167,'2016-07-19 04:34:42','HK.Maggie Lee','被垫15个',58,49,77,12,28,15,2,0),(168,'2016-07-19 05:31:07','  Tw,tamama   88','锅5个',46,35,42,9,28,15,2,0),(169,'2016-07-19 05:36:38',' Tw,aiamai','卡片，1个',26,20,2,1,28,15,2,0),(170,'2016-07-19 05:42:26','Tw,t amama88','拖鞋，13双',57,36,47,8,28,15,2,0),(171,'2016-07-19 05:46:16','TW.DAISY','面，2个',38,27,19,3,28,15,2,0),(172,'2016-07-19 05:50:24','TW.DAISY','计量器10个',53,38,51,7,28,15,2,0),(173,'2016-07-20 05:41:00','TW.DAISY','煤气台8个',58,37,37,13,22,15,2,0),(174,'2016-07-20 05:46:06','  Tw,aiamai','裤子3条，衣服两件',40,28,11,2,25,15,2,0),(175,'2016-07-20 05:52:28','  Tw,tamama   ','乳液8盒',55,42,14,10,38,15,2,0),(176,'2016-07-20 05:56:08','TW.DAISY','煤气台3个',40,36,31,5,22,15,2,0),(177,'2016-07-25 04:07:17','Tw,t amama88',' 拖鞋，8',57,35,28,5,38,15,2,0),(178,'2016-07-25 04:18:45','Tw,t amama88','餐具6个，勺5个，锅，4个',50,43,44,9,38,15,2,0),(179,'2016-07-25 04:24:48','TW.DAISY','骨棒，3个',52,12,17,1,22,15,2,0),(180,'2016-07-25 04:29:00',' tw,n iku','鞋/1',35,14,11,1,36,15,2,0),(181,'2016-07-25 04:34:10','  Tw,tamama   88','乳液8盒',54,42,15,10,38,15,2,0),(182,'2016-08-02 00:24:06','TW.DAISY','制冰淇',0,0,0,0,22,15,2,0),(183,'2016-08-18 04:14:47','  Tw,， niku','鞋/1雙',35,14,11,1,36,15,2,0),(184,'2016-08-18 04:20:38','Tw,t amama88','脱鞋，三双',51,27,11,2,38,15,2,0),(185,'2016-08-18 04:27:11','  Tw,a iamai',' ,卡片1个',26,20,1,1,25,15,2,0),(186,'2016-08-18 04:32:18','TW. Aiamai',' 药膏16个',24,16,10,1,25,15,2,0),(187,'2016-08-18 04:36:02','  Tw,a iamai','鞋/1雙耐克',33,20,12,1,25,15,2,0),(188,'2016-08-18 04:42:52','TW. Aiamai','表一台',34,26,7,1,25,15,2,0),(189,'2016-08-18 04:50:32','周林林','浴巾衣服',35,25,7,1,40,15,2,0),(190,'2016-08-18 04:53:57','周林林','卷头发棒1个',43,35,13,1,40,15,2,0),(191,'2016-08-18 05:01:33','HK.Maggie Lee','壶，288个',62,32,76,13,28,15,2,0),(192,'2016-08-18 05:03:42','HK.Maggie Lee','，喝水杯288个',62,32,76,13,28,15,2,0),(193,'2016-08-19 04:53:52','    Tw,niku','鞋/2雙',35,27,11,2,36,15,2,0),(194,'2016-08-22 04:25:05','  Tw,jujus','麦片，12个',58,36,22,7,33,15,2,0),(195,'2016-08-22 04:30:32','TW.jujus','粘腰膏，9个，麦片6个',44,31,29,7,33,15,2,0),(196,'2016-08-22 04:37:58','TW，jujus','麦片，12个',57,35,22,7,33,15,2,0),(197,'2016-08-31 04:15:17','Tw,t aiamai',' 电动梳子1把',33,26,7,1,25,15,2,0),(198,'2016-08-31 04:18:13','TW.DAISY','',58,37,0,0,22,15,2,0),(199,'2016-08-31 04:22:20','TW.DAISY','煤气台8个',58,37,37,13,22,15,2,0),(200,'2016-08-31 04:23:09','TW.DAISY','煤气台8个',58,37,37,13,22,15,0,1),(201,'2016-09-15 04:14:12','HK.Maggie Lee','卫生间洗净10个，染发10个，新干线勺子6个,叉子12个，牙刷6个，包2个,女士钱包7个',44,30,44,8,28,15,2,0),(202,'2016-09-27 04:33:50','TW.DAISY','木婉1个，手盘子4个，米黑耳朵盘子1个米奇头盘子4,个,心形杯1个',37,28,18,3,22,15,2,0),(203,'2016-09-27 04:38:31','TW.DAISY','壶，6个',56,42,27,4,22,15,2,0),(204,'2016-09-29 04:39:51','TW. evatsen','唐老鸭和牛头毛巾6,蝴蝶结毛巾7,长毛巾18个，小手绢3个，大手绢15个，特大手绢40个',48,38,36,8,46,15,2,0),(205,'2016-09-30 05:13:47','  Tw,evatseng',' 大毛巾6,小毛巾4,保暖袜子98,',64,39,50,22,46,15,2,0),(206,'2016-09-30 05:36:29','Tw,evatseng','婴儿饭兜8个，大毛巾4,唐老鸭毛巾1个，保暖裤袜104个',64,39,50,22,46,15,2,0),(207,'2016-09-30 06:30:23','  Tw,evatseng','辛子明太鱼子，长毛巾1,小孩牙刷(3到5岁)13袋，灰色衣服1件，洗衣服的网兜4个，米老鼠蓝条衣服11件，白色花纹衣服和一件白色共5件，女孩发夹17个，挂皮套的吸盘20个，女孩裙子8个，装菜碗2个，动物图案包4个，防水围裙6个,玩具网兜蓝的4个，红的3个,放饭上的调料9个,黑夹子(4个一代)2个，金勺子1个,黑铅笔盒(adidas  )一个,动物小叉子1个,银勺子1个，',59,43,37,8,46,15,2,0),(208,'2016-09-30 07:07:51','Tw,evatseng',' 辣油3盒，树脂网袋19个，玩具网兜蓝的2个红的5个，辛明太鱼子5个，长毛巾4个，小孩牙刷(3岁到5岁)47袋，牙膏3个，白牙刷2个头(5个),0到3岁牙刷(4个，蓝色两个，粉色两个，)厨房的吸油纸(5个银色)',48,44,37,11,46,15,2,0),(209,'2016-09-30 07:11:33','Tw,32411','衣服4件，',40,26,8,1,46,15,0,1),(210,'2016-09-30 07:15:25','Tw,32411','衣服4件，',40,25,8,1,24,15,2,0),(211,'2016-10-03 04:19:00','TW.DAISY','',56,42,27,9,22,15,2,0),(212,'2016-10-03 04:24:46','Tw,32411','',27,27,24,2,24,15,2,0),(213,'2016-10-04 04:02:23','TW.DAISY','',60,42,58,12,22,15,2,0),(214,'2016-10-04 04:07:42','TW.DAISY','',60,42,58,12,22,15,2,0),(215,'2016-10-04 04:12:43','TW.DAISY','',60,42,58,12,22,15,2,0),(216,'2016-10-04 04:16:24','TW.DAISY','',60,42,58,12,22,15,2,0),(217,'2016-10-04 04:22:22','TW.DAISY','',55,42,42,6,22,15,2,0),(218,'2016-10-04 04:25:03','TW.DAISY','',55,42,42,6,22,15,2,0),(219,'2016-10-04 04:27:23','TW.DAISY','',55,42,42,6,22,15,2,0),(220,'2016-10-04 04:29:55','TW.DAISY','',57,40,43,13,22,15,2,0),(221,'2016-10-13 04:54:08','TW.DAISY','',42,35,22,3,22,15,1,1),(222,'2016-10-13 04:58:26','TW.DAISY','',55,40,40,6,22,15,2,0),(223,'2016-10-13 05:02:15','TW.DAISY','',55,40,40,6,22,15,2,0),(224,'2016-10-13 05:05:53','TW.DAISY','',55,40,40,6,22,15,2,0),(225,'2016-10-13 05:09:04','TW.DAISY','',58,36,37,13,22,15,2,0),(226,'2016-10-13 05:13:33',' TW,32411','',30,24,1,1,22,15,2,0),(227,'2016-10-13 05:16:27','Tw,32411','',31,25,1,1,22,15,2,0),(228,'2016-10-17 03:51:43','HK.Maggie Lee1','',58,36,50,11,28,15,1,0),(229,'2016-10-17 03:57:44','HK.Maggie lee2#','',61,41,58,16,28,15,1,0),(230,'2016-10-17 04:05:47','HK.Maggie lee3#','',70,43,46,18,28,15,1,0),(231,'2016-10-17 04:15:15','HK.Maggie lee4','',69,45,46,18,28,15,1,0),(232,'2016-10-17 04:28:56','HK.MAGGIE LEE5#','',68,45,46,19,28,15,1,0),(233,'2016-10-17 04:35:15','HK.Maggie Lee6','',68,45,46,16,28,15,0,0),(234,'2016-10-17 04:42:20','HK.Maggie Lee7','',68,45,40,20,28,15,0,0),(235,'2016-10-18 04:17:28','HK.Maggie Lee','',60,41,57,10,28,15,0,0),(236,'2016-10-19 05:42:32','  Tw,niku','',37,29,6,1,36,15,1,0),(237,'2016-10-19 05:47:49','Tw,niku','',35,14,12,1,36,15,0,0),(238,'2016-10-19 05:51:59',' Tw,niku','',35,13,15,1,36,15,0,0),(239,'2016-10-19 05:59:02','Tw ，evatseng','',40,28,15,2,46,15,1,0),(240,'2016-10-19 06:06:45','Tw,evatseng','',63,45,42,17,46,15,1,0),(241,'2016-10-19 06:24:56','HK.Maggie Lee','',59,42,46,16,28,15,1,0),(242,'2016-10-20 03:52:09','HK.Maggie Lee','',53,43,30,11,28,15,2,0),(243,'2016-10-20 04:05:14','HK.Maggie Lee','',60,42,35,10,28,15,2,0),(244,'2016-10-20 06:00:27','Tw,jc','',47,35,47,15,47,15,1,0),(245,'2016-10-20 06:09:55','Tw,jc','寄存中',47,35,58,20,47,15,2,0),(246,'2016-10-20 06:21:27','Tw,jc','寄存中',47,35,58,20,47,15,2,0),(247,'2016-10-20 07:04:27','Tw,niku','',34,14,11,1,36,15,2,0),(248,'2016-10-21 04:58:09','HK.Maggie Lee','',48,35,13,3,28,15,2,0),(249,'2016-10-21 05:03:41','HK.Maggie Lee','',44,40,34,7,28,15,2,0),(250,'2016-10-21 05:08:59','HK.Maggie Lee','',70,44,46,19,28,15,1,0),(251,'2016-10-21 08:13:37','Tw,evatseng','',28,24,16,1,46,15,0,0),(252,'2016-10-21 08:19:58','TW.DAISY','',61,43,25,7,22,15,0,1),(253,'2016-10-21 08:23:13','TW.DAISY','',61,42,25,7,22,15,1,1),(254,'2016-10-24 04:43:13','Tw,evatseng','',58,50,42,6,46,15,0,0),(255,'2016-10-24 04:49:15','TW.DAISY','',58,36,37,13,22,15,1,1),(256,'2016-10-24 04:52:54','TW.DAISY','',58,37,37,13,22,15,1,1),(257,'2016-10-24 05:07:24','Tw,huangyaomin','',58,38,18,3,49,15,0,0),(258,'2016-10-26 03:20:35','HK.Maggie Lee','',72,51,40,8,28,15,1,0),(259,'2016-10-26 03:26:23','HK.Maggie Lee','',62,50,29,5,28,15,1,0),(260,'2016-10-26 03:31:47','HK.Maggie Lee','',69,45,46,22,28,15,1,0),(261,'2016-10-26 03:35:45','HK.Maggie Lee','',69,45,46,17,28,15,1,0),(262,'2016-10-26 03:41:10','HK.Maggie Lee','',69,45,46,23,28,15,0,0),(263,'2016-10-26 03:44:51','HK.Maggie Lee','',68,45,46,26,28,15,0,0),(264,'2016-10-27 04:45:14','Tw,32411','',34,26,1,1,24,15,0,0),(265,'2016-10-27 04:53:02','Tw,evatseng','',56,28,21,4,46,15,1,0),(266,'2016-10-27 04:59:15','Tw,evatseng','',44,25,31,3,46,15,1,0),(267,'2016-10-27 05:04:38','Tw,evatseng','',44,25,32,3,46,15,0,0),(268,'2016-10-27 05:15:41','Tw,jessica','',67,46,47,11,50,15,1,0),(269,'2016-10-27 05:29:51','HK.Maggie Lee','',55,40,24,4,28,15,1,0),(270,'2016-10-27 05:32:51','HK.Maggie Lee','',38,36,30,7,28,15,0,0),(271,'2016-10-27 05:35:12','HK.Maggie Lee','',26,20,21,1,28,15,0,0),(272,'2016-10-27 07:33:29','Tw,evatseng','',56,37,48,6,46,15,0,0),(273,'2016-10-27 07:40:50','Tw,evatseng','',70,37,64,9,46,15,0,0),(274,'2016-11-01 05:13:56','TW,jujus','',36,28,63,10,33,15,1,0),(275,'2016-11-01 05:14:51','TW,jujus','',36,28,63,10,33,15,0,0),(276,'2016-11-04 03:51:51','TW.DAISY','',56,42,41,10,22,15,1,1),(277,'2016-11-04 03:56:37','TW.DAISY','',55,42,41,10,22,15,0,1),(278,'2016-11-04 04:00:56','TW.DAISY','',56,42,42,10,22,15,0,1),(279,'2016-11-04 04:08:30','TW.DAISY','',56,42,42,7,22,15,0,1),(280,'2016-11-04 04:12:30','TW.DAISY','',44,36,37,9,22,15,0,1),(281,'2016-11-07 04:09:59','Tw,evatseng','',36,32,12,1,46,15,2,0),(282,'2016-11-07 04:15:45','Tw,evatseng','',35,30,12,1,46,15,2,0),(283,'2016-11-07 04:19:42','Tw,evatseng','',67,49,27,14,46,15,2,0),(284,'2016-11-07 04:31:14','Tw,huangyaomin','',41,31,22,1,49,15,2,0),(285,'2016-11-07 04:34:42','Tw,huangyaomin','',41,31,22,1,49,15,2,0),(286,'2016-11-07 04:37:01','Tw,huangyaomin','',41,31,22,1,49,15,2,0),(287,'2016-11-07 04:39:47','Tw,huangyaomin','',58,38,18,1,49,15,2,0),(288,'2016-11-07 04:45:47','Tw,jessicawen','',67,46,37,14,50,15,2,0),(289,'2016-11-07 04:56:54','TW.DAISY','10,箱',51,33,17,2,22,15,2,0),(290,'2016-11-07 05:02:28','Tw,aiamai','',40,35,1,1,25,15,2,0),(291,'2016-11-08 03:55:57','TW.DAISY','',37,27,26,3,22,15,0,1),(292,'2016-11-08 05:40:46','HK.Maggie Lee','',48,23,41,6,28,15,1,0),(293,'2016-11-08 05:47:21','HK.Maggie Lee','',45,23,40,5,28,15,0,0),(294,'2016-11-08 05:50:27','HK.Maggie Lee','',45,26,40,3,28,15,0,0),(295,'2016-11-08 07:07:04','Tw,evatseng','',43,32,22,1,46,15,0,0),(296,'2016-11-14 03:56:37','TW.DAISY','',48,42,45,4,22,15,1,1),(297,'2016-11-14 04:01:33','TW.DAISY','',38,25,24,2,22,15,1,1),(298,'2016-11-14 04:08:20','Tw,jc','',60,41,41,7,47,15,1,0),(299,'2016-11-14 04:20:47','TW.DAISY','',56,42,26,6,22,15,0,1),(300,'2016-11-14 04:25:12','TW.DAISY','',56,42,27,5,22,15,0,1),(301,'2016-11-14 04:28:47','TW.DAISY','',56,42,7,7,22,15,0,1),(302,'2016-11-14 04:32:03','TW.DAISY','',56,42,26,4,22,15,0,1),(303,'2016-11-14 04:35:22','TW.DAISY','',55,43,27,14,22,15,0,1),(304,'2016-11-14 04:38:50','TW.DAISY','',56,43,40,10,22,15,0,1),(305,'2016-11-14 04:44:26','Tw,jc','',31,25,18,5,47,15,1,0),(306,'2016-11-14 04:47:36','Tw,jc','',31,25,18,5,47,15,0,0),(307,'2016-11-14 04:51:30','Tw,jc','',40,30,30,4,47,15,0,0),(308,'2016-11-14 04:54:52','Tw,jc','',44,33,18,17,47,15,0,0),(309,'2016-11-14 04:59:19','Tw,jc','',89,10,4,1,47,15,0,0),(310,'2016-11-14 05:06:49','Tw,evatseng','',46,37,17,2,46,15,1,0),(311,'2016-11-14 05:11:30','Tw,evatseng','',52,40,29,8,46,15,0,0),(312,'2016-11-14 05:15:56','Tw niku','',41,28,11,1,36,15,0,0),(313,'2016-11-14 07:26:16','Tw,jc','',50,25,43,5,47,15,0,0),(314,'2016-11-14 07:29:02','Tw,jc','',44,22,42,4,47,15,0,0),(315,'2016-11-14 07:31:11','Tw,jc','',44,32,18,3,47,15,0,0),(316,'2016-11-14 07:33:14','Tw,jc','',44,32,18,6,47,15,0,0),(317,'2016-11-14 07:35:05','Tw,jc','',44,32,18,4,47,15,0,0),(318,'2016-11-15 04:21:35','   Tw,jc','',46,23,42,4,47,15,1,0),(319,'2016-11-15 04:25:33','Tw,jc','',31,25,20,5,47,15,0,0),(320,'2016-11-15 04:28:55','Tw,evatseng','',44,32,47,7,46,15,0,0),(321,'2016-11-15 07:08:02','TW.DAISY','',33,26,18,1,22,15,0,1),(322,'2016-11-17 03:49:59','Tw,jc','',44,24,41,3,47,15,1,0),(323,'2016-11-17 03:54:09','Tw,jc','',67,60,20,3,47,15,0,0),(324,'2016-11-17 03:58:07','Tw,jc','',70,60,10,3,47,15,0,0),(325,'2016-11-17 04:00:05','Tw,jc','',44,32,18,3,47,15,0,0),(326,'2016-11-17 04:02:01','Tw,jc','',44,32,18,9,47,15,0,0),(327,'2016-11-17 05:57:42','HK.Maggie Lee','',71,48,66,17,28,15,1,0),(328,'2016-11-24 04:04:05','Tw,niku','',30,14,12,1,36,15,0,0),(329,'2016-11-28 07:13:45','TW.DAISY','',43,37,25,5,22,15,1,1),(330,'2016-11-28 08:14:35','Tw,aiamai','',31,26,1,1,25,15,0,0),(331,'2016-11-30 04:22:10','TW.DAISY','盘子',44,36,36,4,22,15,1,1),(332,'2016-11-30 04:25:29','TW.DAISY','盘子',44,36,36,7,22,15,0,1),(333,'2017-02-17 01:10:54','20170217.1','4903779090417,8;4903779090394,2',67,34,46,5.5,22,12,1,0),(334,'2017-02-17 01:13:58','20170217.2','4903779090417,17',64,45,36,7.56,22,12,2,0),(335,'2017-02-17 01:15:29','20172.17.3','4903779090394,3',43,35,22,2.6,22,12,2,0),(336,'2017-02-17 01:17:05','2017.2.17.4','4903779090417,4;4903779090394,1',46,37,27,2.86,22,12,1,0),(337,'2017-02-17 01:19:50','2017.2.17.5','4903779090363,2;4903779090394,3',57,34,20,4,22,12,2,0),(338,'2017-02-17 01:21:08','2017.2.17.6','4903779090394,3',64,45,36,3.06,22,12,2,0),(339,'2017-02-17 01:29:45','2017.2.17.7','JU-11418',60,46,58,18,22,12,2,0),(340,'2017-02-17 01:32:03','2017.2.17.8','JU-114 18',60,46,58,18,22,12,1,0);
/*!40000 ALTER TABLE `mst_in_box` ENABLE KEYS */;
UNLOCK TABLES;

--
-- Table structure for table `mst_item`
--

DROP TABLE IF EXISTS `mst_item`;
/*!40101 SET @saved_cs_client     = @@character_set_client */;
/*!40101 SET character_set_client = utf8 */;
CREATE TABLE `mst_item` (
  `id` int(11) NOT NULL AUTO_INCREMENT,
  `jan_code` varchar(13) DEFAULT NULL,
  `memo` text,
  `en_name` varchar(50) DEFAULT NULL,
  `cn_name` varchar(50) DEFAULT NULL,
  `jp_name` varchar(50) DEFAULT NULL,
  `unit_price` int(5) NOT NULL DEFAULT '0',
  `country_of_origin` int(11) NOT NULL DEFAULT '0',
  `no_code_flag` tinyint(1) NOT NULL DEFAULT '0',
  `item_image_pic` varchar(200) DEFAULT NULL,
  `delete_flag` tinyint(1) DEFAULT '0',
  PRIMARY KEY (`id`),
  UNIQUE KEY `jan_code` (`jan_code`)
) ENGINE=InnoDB AUTO_INCREMENT=840 DEFAULT CHARSET=utf8;
/*!40101 SET character_set_client = @saved_cs_client */;

--
-- Dumping data for table `mst_item`
--

LOCK TABLES `mst_item` WRITE;
/*!40000 ALTER TABLE `mst_item` DISABLE KEYS */;
INSERT INTO `mst_item` VALUES (1,'4901201113789','文具・事務用品 一般文具・事務文具・情報文具','','','テスト中',300,1,0,NULL,0),(2,'4548170062047','','','鐵鍋','',3500,1,0,NULL,0),(3,'4902201415934','文具・事務用品 一般文具・事務文具・情報文具','','','履歴書用紙',300,1,0,NULL,0),(4,'4902102113625','文具・事務用品 一般文具・事務文具・情報文具','','','履歴書用紙',300,1,0,NULL,0),(23,'4901480476780','文具・事務用品 一般文具・事務文具・情報文具','','','履歴書用紙',300,1,0,'/static/item_img/20160506184209_item_image_pic_zf2_terminals_delete.png',0),(24,'1','文具・事務用品 一般文具・事務文具・情報文具','','','履歴書用紙',300,1,1,'/static/item_img/20160506185802_item_image_pic_index.png',0),(25,'4901777285705','文具・事務用品 一般文具・事務文具・情報文具','','','穏やかな日々',999999,1,0,'/static/item_img/20160509020117_item_image_pic_image.jpeg',0),(26,'4901777272163','文具・事務用品 一般文具・事務文具・情報文具','','','老铺のお茶',300,1,0,'/static/item_img/20160509044145_item_image_pic_2016-05-09_13.41.27.jpg',0),(27,'4901480266824','文具・事務用品 一般文具・事務文具・情報文具','','','履歴書用紙',300,1,0,'/static/item_img/20160509020727_item_image_pic_2016-05-09_11.07.10.jpg',0),(28,'2','test ','','','商品なし',99999,1,1,NULL,0),(29,'4560182820149','日用雑貨 防虫・除湿','','驅蟲藥','ゴキちゃん グッバイ',100,1,0,NULL,0),(30,'4536117017359','','','數字測量杯','',0,1,0,'/static/item_img/20160512133114_item_image_pic_1463027359157-1365490484.jpg',0),(31,'4902011713725','','','','',0,1,0,'/static/item_img/20160512152218_item_image_pic_14630341263321326828652.jpg',0),(32,'0000000000003','','','','鐵鍋',0,1,1,'/static/item_img/20160516161628_item_image_pic_1463382972303995734941.jpg',0),(33,'0000000000004','TW.LINYULING','','','鞋',0,1,1,'/static/item_img/20160516161742_item_image_pic_1463383050109-477927074.jpg',0),(34,'0000000000005','TW.KHM','','鐵鍋','',0,1,1,'/static/item_img/20160516163612_item_image_pic_1463384133373257697558.jpg',0),(35,'0000000000006','TW.LINYULING','','鞋','',0,1,1,'/static/item_img/20160516163801_item_image_pic_1463384216495-1861438318.jpg',0),(36,'0000000000007','TW.KHM','','鐵鍋','',0,1,1,'/static/item_img/20160516165712_item_image_pic_1463385395177-719009315.jpg',0),(37,'0000000000008','TW.KHM','','鐵鍋','',0,1,1,'/static/item_img/20160516170019_item_image_pic_1463385606620330188843.jpg',0),(38,'0000000000009','TW.KHM','','鐵鍋','',0,1,1,'/static/item_img/20160516171252_item_image_pic_1463386042572-75707089.jpg',0),(39,'0000000000010','','444','as','測試出庫',300,1,1,NULL,0),(40,'0000000000011','','lj','jl','測試3',30,1,1,NULL,0),(41,'0000000000012','','','','',0,1,1,NULL,0),(42,'0000000000013','','','','',0,1,1,NULL,0),(43,'0000000000014','','','數字測量杯','',1300,1,1,NULL,0),(44,'0000000000015','','','鐵鍋','',1300,1,1,NULL,0),(45,'0000000000016','','','櫻花飯盒','',0,1,1,'/static/item_img/20160523104908_item_image_pic_14639681166441930889170.jpg',0),(46,'4536818343382','','','筷子','',0,2,0,'/static/item_img/20160523105055_item_image_pic_1463968219165-199967809.jpg',0),(47,'0000000000017','','测试用商品','测试用商品','测试用商品',1,1,1,NULL,0),(48,'0000000000018','','','涼鞋','',500,1,1,'/static/item_img/20160523113735_item_image_pic_1463971005354244688390.jpg',0),(49,'0000000000019','','','小風扇','',0,1,1,'/static/item_img/20160523114905_item_image_pic_1463971727364966996624.jpg',0),(50,'0000000000020','','','小風扇','',0,1,1,'/static/item_img/20160523121718_item_image_pic_1463973396643857741724.jpg',0),(51,'0000000000021','','','','测试用数据',0,1,1,NULL,0),(52,'4901113420999','食品 > パン・ジャム > シリアル','','麥片','ケロッグ フルーツグラノラ ハーフ 徳用袋 500g',490,2,0,'http://ecx.images-amazon.com/images/I/510HR1gcQtL._SL160_.jpg',0),(53,'4536975000050','DIY・工具 > 工具 > その他の工具','','封口器','テクノインパルス クリップシーラー Z-1/【送料込】',3129,1,0,'http://img.ponparemall.net/imgmgr/41/00109841/441/b001d7r7by_0.jpg',0),(54,'0000000000022','','','瓷碗','',0,1,1,'/static/item_img/20160530134159_item_image_pic_14645832951441396822660.jpg',0),(55,'0000000000023','','','瓷碗','',0,1,1,'/static/item_img/20160530134333_item_image_pic_1464583392262-2111683908.jpg',0),(56,'0000000000024','','','杯子','',0,1,1,'/static/item_img/20160530134442_item_image_pic_1464583456772-196721593.jpg',0),(57,'0000000000025','','','口袋','',0,1,1,'/static/item_img/20160530134553_item_image_pic_1464583536401432273750.jpg',0),(58,'0000000000026','','','盤子','',0,1,1,'/static/item_img/20160530134722_item_image_pic_1464583593404462967082.jpg',0),(59,'0000000000027','','','杯子','',0,1,1,NULL,0),(60,'0000000000028','','','盤子','',0,1,1,'/static/item_img/20160530134923_item_image_pic_1464583749259677743672.jpg',0),(61,'0000000000029','','','杯子','',0,1,1,'/static/item_img/20160530135043_item_image_pic_14645838285851136700815.jpg',0),(62,'0000000000030','','','鐵鍋','',0,1,1,'/static/item_img/20160530143355_item_image_pic_1464586411996-1990838890.jpg',0),(63,'0000000000031','','','鐵鍋','',0,1,1,'/static/item_img/20160530143536_item_image_pic_1464586522481-1137755280.jpg',0),(64,'0000000000032','','','鐵鍋','',0,1,1,'/static/item_img/20160530143612_item_image_pic_1464586559377-1636317819.jpg',0),(65,'4901140906329','キッチン用品 > 調理器具 > 鍋','','烤肉板','焼肉プレート　CB-P-Y3　1枚　岩谷産業【1900円（税込）以上送料無料】',999,1,0,'http://askul.c.yimg.jp/img/product/L1/8584784_l1.jpg',0),(66,'0000000000033','','','涼鞋','',0,1,1,'/static/item_img/20160530145841_item_image_pic_1464587882372802906429.jpg',0),(67,'0000000000034','','','零食','',0,1,1,'/static/item_img/20160530145936_item_image_pic_14645879562451222958332.jpg',0),(68,'0000000000035','','','涼鞋','',0,1,1,'/static/item_img/20160530150008_item_image_pic_1464587996358751159058.jpg',0),(69,'0000000000036','','','','TEST',200,1,1,NULL,0),(70,'0000000000037','','','鞋','',0,1,1,'/static/item_img/20160606121027_item_image_pic_1465182603024442488901.jpg',0),(71,'0000000000038','','','鞋','',0,1,1,'/static/item_img/20160606121134_item_image_pic_1465182680166-713235000.jpg',0),(72,'0000000000039','','','零食24','',0,1,1,'/static/item_img/20160606124008_item_image_pic_14651843086971431829697.jpg',0),(73,'0000000000040','','','海苔醬','',0,1,1,'/static/item_img/20160606125012_item_image_pic_1465184959081-552768482.jpg',0),(74,'0000000000041','','','衣服','',0,1,1,'/static/item_img/20160606153732_item_image_pic_14651950295121069883429.jpg',0),(75,'0000000000042','','','涼鞋','',0,1,1,'/static/item_img/20160607135817_item_image_pic_1465275481076180232119.jpg',0),(76,'4969133267789','生活雑貨 > 日用品 > カビ取り・防カビ剤','','過濾網','バイオ お風呂のカビきれい カビ予防 (交換目安:約6カ月)',728,1,0,'http://ecx.images-amazon.com/images/I/411h45jO95L._SL160_.jpg',0),(77,'4905310054551','','','塑料桌','',0,2,0,'/static/item_img/20160607140621_item_image_pic_1465275944511-2076843765.jpg',0),(78,'0000000000043','','','涼鞋','',0,1,1,'/static/item_img/20160607143935_item_image_pic_1465277923409435870517.jpg',0),(79,'0000000000044','','','','',0,1,1,NULL,0),(80,'0000000000045','','','','TEST',0,1,1,NULL,0),(81,'0000000000046','','','','TEST',0,1,1,NULL,0),(82,'0000000000047','','','','TEST3',0,1,1,NULL,0),(83,'0000000000048','','','脫毛','',0,2,1,'/static/item_img/20160607162510_item_image_pic_14652842863492070290558.jpg',0),(84,'0000000000049','','','脫毛','',0,1,1,'/static/item_img/20160607162605_item_image_pic_14652843333362099384282.jpg',0),(85,'0000000000050','','','涼鞋','',0,1,1,'/static/item_img/20160608130337_item_image_pic_1465358598383-1828278122.jpg',0),(86,'4571157254913','ビューティー・ヘルス > 健康食品・サプリメント > ダイエット食品・飲料・サプリメント','','果凍飲料','ぷるんと蒟蒻ゼリー　スタンディングタイプ　完熟マンゴー味　1セット（48個）　オリヒロ　栄養補助ゼリ',314,1,0,'http://www.askul.co.jp/img/product/L1/3069705_l1.jpg',0),(87,'0630870134934','キッチン用品 > 調理器具 > 鍋','','瓷架子','ルクルーゼ　鍋蓋スタンド　リッド・スタンド　ローズクオーツ　910429-11-178',3,1,0,'http://item.shopping.c.yimg.jp/i/g/days_0630870134934',0),(88,'0630870105552','キッチン用品 > 調理器具 > 鍋','','夾子','ル・クルーゼ  ル・クルーゼ　プラスチック・ピン　ココットダムール（4個入）940092　チェリーレ',1,1,0,'http://item.shopping.c.yimg.jp/i/g/murauchi_0630870105552',0),(89,'4905689504527','キッチン用品 > 調理器具 > その他の調理器具','','瓷鍋','ダンスク コベンスタイルバターウォーマー イエロー ADV1604',3,1,0,'http://item.shopping.c.yimg.jp/i/g/akibaoo_4905689504527',0),(90,'4902424435986','医薬品','','驅蟲','虫よけバリアハローキティー',991,2,0,'/static/item_img/20160613133947_item_image_pic_1465792761673-900975183.jpg',0),(91,'4902110316148','食品 > 粉類 > 天ぷら粉','','調料','日清 からあげグランプリ最高金賞店監修から揚げ粉 香ばししょうゆ味 ( 100g )',129,1,0,'http://item.shopping.c.yimg.jp/i/g/soukai_4902110316148',0),(92,'4901577046261','加工食品 調味料 ドレッシング','','芝麻醬','深煎りごまドレッシング 380ml',399,1,0,'/static/item_img/20160613134230_item_image_pic_1465792921061207696490.jpg',0),(93,'4534688053417','ベビー・キッズ > 抱っこひも・ベビーキャリー','','睡袋','ホッペッタ Hoppetta champignon 6重ガーゼサッキングパッド ロング 5341',1,2,0,'http://ecx.images-amazon.com/images/I/51ongLp5JKL._SL160_.jpg',0),(94,'4534688072098','ベビー・キッズ > マタニティ用品 > その他のマタニティグッズ','','坐墊','ホッペッタ Hoppetta champignon ママ&ベビークッション 7209',5,1,0,'http://item.shopping.c.yimg.jp/i/g/complete_b005pjyhuu',0),(95,'0000000000051','','','鞋','',0,1,1,'/static/item_img/20160613140416_item_image_pic_14657942429601630593499.jpg',0),(96,'4907692020520','ホビー > おもちゃ > その他のおもちゃ','','玩具','【台紙玩具】金魚すくい（12付・1枚）-1L4ト',505,1,0,'http://item.shopping.c.yimg.jp/i/g/kishi-gum_beldg02052-1l4to',0),(97,'4582459731002','ホビー > おもちゃ > その他のおもちゃ','','','フローティングすいぞくかん　　約100個セット',315,1,0,'http://ecx.images-amazon.com/images/I/413NSAAm%2BjL._SL160_.jpg',0),(98,'4527270055050','ホビー > おもちゃ','','','やわらか金魚（出目金）100個入り',320,1,0,'http://ecx.images-amazon.com/images/I/31pctOm5FUL._SL160_.jpg',0),(99,'0000000000052','','','','衣服',0,1,1,NULL,0),(100,'4549473039293','','','T恤','',8500,1,0,'/static/item_img/20160629120507_item_image_pic_1467169364645-2007649779.jpg',0),(101,'4548489856771','','','女体恤','',6200,2,0,'/static/item_img/20160629120800_item_image_pic_1467169616544-257638029.jpg',0),(102,'4549473014580','','','黄体恤','',6500,2,0,'/static/item_img/20160629120917_item_image_pic_1467169699501421735775.jpg',0),(103,'4549473025432','','','兰短裤','',7100,2,0,'/static/item_img/20160629121025_item_image_pic_14671697762731483904848.jpg',0),(104,'4548489754312','生活雑貨 > 日用品 > タオル','','','（ミキハウス）MIKIHOUSE ダブルB【DOUBLE B】 ループつきタオル (ピンク 08)',756,2,0,'http://ecx.images-amazon.com/images/I/51PLHfTu6GL._SL160_.jpg',0),(105,'4548489615323','','','袜子三件装','',1000,2,0,'/static/item_img/20160629121220_item_image_pic_1467169877447-221684643.jpg',0),(106,'0000000000053','','','女士托鞋','',3196,2,1,'/static/item_img/20160629121701_item_image_pic_14671700950181591264144.jpg',0),(107,'4573242540741','ビューティー・ヘルス > ボディケア・ヘアケア用品 > 脱色剤・除毛剤','','脱毛','トレードワン 全身の脱毛に ツルピカパッド',1,1,0,'http://ecx.images-amazon.com/images/I/51gP3XTQZPL._SL160_.jpg',0),(108,'0000000000054','','','鞋','',0,1,1,'/static/item_img/20160704145833_item_image_pic_1467611840598-742103758.jpg',0),(109,'4902555106625','食品 > 菓子・スイーツ > チョコレート','','','不二家 アンパンマンチョコレート 65g×10箱',216,2,0,'http://ecx.images-amazon.com/images/I/51X0fbpRpnL._SL160_.jpg',0),(110,'4901351059456','食品 > 菓子・スイーツ > グミ','','','カンロ ジュレピュレ 沖縄産パイナップル ( 63g )',170,2,0,'http://item.shopping.c.yimg.jp/i/g/soukai_4901351059456',0),(111,'4901351059449','食品 > 菓子・スイーツ > グミ','','','カンロ ピュレグミ スイカ＆ソルト ( 56g )/ ピュレグミ',125,2,0,'http://item.shopping.c.yimg.jp/i/g/soukai_4901351059449',0),(112,'0000000000055','','','','',0,2,1,'/static/item_img/20160712162844_item_image_pic_14683084840271030393289.jpg',0),(113,'4536117017342','キッチン用品 > 調理器具 > 計量カップ','','计','DRETEC デジタル計量カップ 「ファリーヌ」 1kg ホワイト CS-100WT',1,1,0,'http://ecx.images-amazon.com/images/I/41me8Pk2tkL._SL160_.jpg',0),(114,'4901140907838','キッチン用品 > 調理器具 > その他の調理器具','','','イワタニ カセットフー 達人スリムII さくら色 CB-TS-1',3300,1,0,'http://item.shopping.c.yimg.jp/i/g/kenkocom_e428678h',0),(115,'0000000000056','','','','',0,1,1,'/static/item_img/20160725141242_item_image_pic_14694235333601953978800.jpg',0),(116,'0000000000057','','','','',0,1,1,'/static/item_img/20160725141251_item_image_pic_14694235333601953978800.jpg',0),(117,'0000000000058','','','','',0,1,1,NULL,0),(118,'0000000000059','','','','ヤマハマレット',5530,1,1,'/static/item_img/20160725141545_item_image_pic_1469423624840318573972.jpg',0),(119,'0000000000060','','','鞋','',0,1,1,NULL,0),(120,'0000000000061','','','','',0,1,1,NULL,0),(121,'0000000000062','','','','',0,1,1,'/static/item_img/20160725142621_item_image_pic_1469424213336-256797512.jpg',0),(122,'0000000000063','','','拖鞋','',0,1,1,'/static/item_img/20160725151846_item_image_pic_14694274843861693578020.jpg',0),(123,'4954267150007','キッチン用品 > 調理器具 > その他の調理器具','','','曙産業 水切りヨーグルトができる容器 ST-3000',1,1,0,'http://contents.kaago.com/contents/shop/tantan/commodity/0000000593510_common.jpg',0),(124,'0630870105507','キッチン用品 > 調理器具 > 鍋','','','ル・クルーゼ  ル・クルーゼ　プラスチック・ピン　ココットロンド（4個入）940061　オレンジ',1,1,0,'http://item.shopping.c.yimg.jp/i/g/murauchi_0630870105507',0),(125,'0000000000064','','','鐵鍋','',0,2,1,'/static/item_img/20160725152915_item_image_pic_14694280204631889530580.jpg',0),(126,'4947678040203','文具・事務用品','','','A4セクションファイル',0,1,0,NULL,0),(127,'0000000000065','aiamai','','','',0,1,1,'/static/item_img/20160818142356_item_image_pic_1471497786837166026477.jpg',0),(128,'0000000000066','aiamai','','','',0,1,1,'/static/item_img/20160818142720_item_image_pic_1471497973937288201444.jpg',0),(129,'4987072083239','aiamai','','','小林製薬 爪ピカッシュ(4枚入) ×３個シート一枚でツルツル＆ピカピカにする爪磨き両面シート小林製薬',1,1,0,'http://item.shopping.c.yimg.jp/i/g/tokiwadrug_tumepikassyu-3p',0),(130,'0000000000067','','','','',0,1,1,'/static/item_img/20160818143226_item_image_pic_14714983193182111214269.jpg',0),(131,'0000000000068','','','','',0,1,1,'/static/item_img/20160818143301_item_image_pic_14714983193182111214269.jpg',0),(132,'0000000000069','','','','',0,1,1,'/static/item_img/20160818143452_item_image_pic_1471498463683813770957.jpg',0),(133,'0000000000070','','','','',0,1,1,'/static/item_img/20160818143453_item_image_pic_1471498463683813770957.jpg',0),(134,'0000000000071','','','','',0,1,1,'/static/item_img/20160818143458_item_image_pic_1471498463683813770957.jpg',0),(135,'0000000000072','aiamai','','','',0,1,1,'/static/item_img/20160818144720_item_image_pic_14714991960891295945541.jpg',0),(136,'0000000000073','niku','','','',0,1,1,'/static/item_img/20160818144927_item_image_pic_1471499323590912454206.jpg',0),(137,'0000000000074','aiamai','','','',0,1,1,'/static/item_img/20160818145222_item_image_pic_1471499484270-1111964983.jpg',0),(138,'0000000000075','','','','',0,1,1,'/static/item_img/20160818145506_item_image_pic_1471499629888-1545578514.jpg',0),(139,'0000000000076','','','','',0,1,1,'/static/item_img/20160818145520_item_image_pic_1471499629888-1545578514.jpg',0),(140,'0000000000077','tamama','','','',0,1,1,'/static/item_img/20160818145658_item_image_pic_1471499729237264868882.jpg',0),(141,'0000000000078','','','','',0,1,1,'/static/item_img/20160819135519_item_image_pic_1471582457131-1393226579.jpg',0),(142,'4901548254008','生活雑貨 > 日用品','','','血流改善 肩ホットン ( 4枚入 )/ 血流改善 ( カイロ )',410,2,0,'http://item.shopping.c.yimg.jp/i/g/soukai_4901548254008',0),(143,'4901140907845','キッチン用品 > 調理器具 > その他の調理器具','','','イワタニ カセットコンロ シャイニーレッド カセットフー 達人スリム CB-TAS-1 返品種別A',3,2,0,'http://item.shopping.c.yimg.jp/i/g/joshin_4901140907845-24-8484',0),(144,'4981747055941','ビューティー・ヘルス > ボディケア・ヘアケア用品 > その他のヘアケア・ヘアスタイリング用品','','','KOIZUMI(コイズミ) Bijouna(ビジョーナ) 【音波振動磁気 エステブラシ 乾電池式】 ',0,1,0,'http://ecx.images-amazon.com/images/I/318%2BGWE2bjL._SL160_.jpg',0),(145,'0000000000079','','','','',0,2,1,'/static/item_img/20160915132424_item_image_pic_1473913388670-1918088730.jpg',0),(146,'0000000000080','','','','',0,1,1,'/static/item_img/20160915132737_item_image_pic_1473913607272373180664.jpg',0),(147,'0000000000081','','','','',0,2,1,'/static/item_img/20160915132959_item_image_pic_1473913752197594472164.jpg',0),(148,'0000000000082','','','','',0,1,1,'/static/item_img/20160915133244_item_image_pic_1473913906046-2071844783.jpg',0),(149,'0000000000083','','','','',0,1,1,'/static/item_img/20160915133332_item_image_pic_14739139761851121619731.jpg',0),(150,'0000000000084','','','牙刷','',0,1,1,'/static/item_img/20160915133607_item_image_pic_1473914104392-1833376429.jpg',0),(151,'0000000000085','','','','',0,1,1,'/static/item_img/20160915133855_item_image_pic_1473914292413-160948018.jpg',0),(152,'0000000000086','','','心形杯','',0,1,1,'/static/item_img/20160927134903_item_image_pic_1474951679221-1766464268.jpg',0),(153,'0000000000087','','','米奇儿多盘子','',0,1,1,'/static/item_img/20160927135111_item_image_pic_1474951810139-1266478971.jpg',0),(154,'0000000000088','','','米奇手盘子','',0,1,1,'/static/item_img/20160927135232_item_image_pic_1474951891908-667795294.jpg',0),(155,'0000000000089','','','米奇头像盘子','',0,1,1,'/static/item_img/20160927135358_item_image_pic_14749519637431273293071.jpg',0),(156,'0000000000090','','','心形婉','',0,1,1,'/static/item_img/20160927135509_item_image_pic_14749520543771907784306.jpg',0),(157,'0000000000091','壶1个','','','',0,4,1,'/static/item_img/20160927135909_item_image_pic_14749521732202090303847.jpg',0),(158,'0000000000092','壶','','','',0,4,1,'/static/item_img/20160927140159_item_image_pic_14749524534821882149098.jpg',0),(159,'0000000000093','壶','','','',0,4,1,'/static/item_img/20160927140208_item_image_pic_14749524534821882149098.jpg',0),(160,'0000000000094','','','','',0,2,1,'/static/item_img/20160930163809_item_image_pic_1475221036974-240088235.jpg',0),(161,'0000000000095','','','','',0,2,1,'/static/item_img/20160930163827_item_image_pic_1475221036974-240088235.jpg',0),(162,'0000000000096','','','毛巾','',0,1,1,'/static/item_img/20160930164239_item_image_pic_14752212805641438838388.jpg',0),(163,'0000000000097','','','毛巾','',0,1,1,'/static/item_img/20160930164452_item_image_pic_1475221419933-1826207436.jpg',0),(164,'0000000000098','','','婴儿饭兜','',0,2,1,'/static/item_img/20160930172616_item_image_pic_1475223887451-576897114.jpg',0),(165,'0000000000099','','','唐老鸭毛巾','',0,1,1,NULL,0),(166,'0000000000100','','','大毛巾','',0,1,1,NULL,0),(167,'0000000000101','','','','',0,2,1,'/static/item_img/20160930173227_item_image_pic_14752242906742015009402.jpg',0),(168,'0000000000102','','',' 衣服，','',0,1,1,'/static/item_img/20161003133131_item_image_pic_14754689784131811972985.jpg',0),(169,'0000000000103','','','','',0,1,1,'/static/item_img/20161003133346_item_image_pic_1475469176397-1825463983.jpg',0),(170,'0000000000104','','','','',0,1,1,'/static/item_img/20161003133613_item_image_pic_1475469298440-242649307.jpg',0),(171,'0000000000105','','','','',0,1,1,'/static/item_img/20161003143733_item_image_pic_1475472897473-630269994.jpg',0),(172,'0000000000106','','','','',0,1,1,'/static/item_img/20161003144226_item_image_pic_1475473261040-258634256.jpg',0),(173,'0000000000107','','','','',0,1,1,'/static/item_img/20161003144330_item_image_pic_1475473383229-1459586237.jpg',0),(174,'0000000000108','','','','',0,1,1,'/static/item_img/20161003144648_item_image_pic_1475473577538-757871078.jpg',0),(175,'0000000000109','','','','',0,1,1,'/static/item_img/20161003144807_item_image_pic_1475473640998-96703022.jpg',0),(176,'0000000000110','','','','',0,1,1,'/static/item_img/20161003145022_item_image_pic_1475473765051-149500617.jpg',0),(177,'0000000000111','','','','',0,1,1,'/static/item_img/20161003145657_item_image_pic_1475474125255345178937.jpg',0),(178,'0000000000112','','','','',0,1,1,'/static/item_img/20161003145943_item_image_pic_1475474342937570606300.jpg',0),(179,'0000000000113','','','','',0,1,1,'/static/item_img/20161003150446_item_image_pic_1475474594321-1690556977.jpg',0),(180,'0000000000114','','','','',0,1,1,'/static/item_img/20161003150741_item_image_pic_1475474806401-1444500510.jpg',0),(181,'0000000000115','','','','',0,1,1,'/static/item_img/20161003150937_item_image_pic_1475474950501985646912.jpg',0),(182,'0000000000116','','','','',0,1,1,'/static/item_img/20161003151246_item_image_pic_1475475122798422601647.jpg',0),(183,'0000000000117','','','','',0,1,1,'/static/item_img/20161003151506_item_image_pic_14754752705861048899780.jpg',0),(184,'0000000000118','','','','',0,1,1,'/static/item_img/20161003151831_item_image_pic_1475475426221425619683.jpg',0),(185,'0000000000119','','','','',0,1,1,'/static/item_img/20161003152107_item_image_pic_14754756055281370766162.jpg',0),(186,'0000000000120','','','','',0,1,1,'/static/item_img/20161003152543_item_image_pic_1475475853131-779507558.jpg',0),(187,'0000000000121','','','','',0,1,1,'/static/item_img/20161003153104_item_image_pic_1475476146329404923245.jpg',0),(188,'0000000000122','','','','',0,1,1,'/static/item_img/20161003153533_item_image_pic_14754763413061634457780.jpg',0),(189,'0000000000123','','','','',0,1,1,'/static/item_img/20161003154113_item_image_pic_14754768184421611235616.jpg',0),(190,'0000000000124','','','','',0,1,1,'/static/item_img/20161003154113_item_image_pic_14754768184421611235616.jpg',0),(191,'0000000000125','','','','',0,1,1,'/static/item_img/20161003154422_item_image_pic_14754770176671461053884.jpg',0),(192,'0000000000126','','','','',0,1,1,'/static/item_img/20161003154620_item_image_pic_1475477134132-1151774301.jpg',0),(193,'0000000000127','','','','',0,1,1,'/static/item_img/20161003154820_item_image_pic_1475477270950-1526410350.jpg',0),(194,'0000000000128','','','','',0,1,1,'/static/item_img/20161003155108_item_image_pic_1475477436425-1931081374.jpg',0),(195,'0000000000129','','','','',0,1,1,'/static/item_img/20161003155606_item_image_pic_1475477736232-1293608398.jpg',0),(196,'0000000000130','','','','',0,1,1,'/static/item_img/20161003155901_item_image_pic_14754778718971013342303.jpg',0),(197,'0000000000131','','','','',0,1,1,'/static/item_img/20161003162106_item_image_pic_1475479239777308729680.jpg',0),(198,'0000000000132','','','','',0,1,1,'/static/item_img/20161003162438_item_image_pic_1475479393911-326196409.jpg',0),(199,'0000000000133','','','','',0,1,1,'/static/item_img/20161003163633_item_image_pic_1475480165055-1932408783.jpg',0),(200,'0000000000134','','','','',0,1,1,'/static/item_img/20161003163855_item_image_pic_14754802670091644086404.jpg',0),(201,'0000000000135','','','','',0,1,1,'/static/item_img/20161003164324_item_image_pic_1475480524050-1843569779.jpg',0),(202,'0000000000136','','','','',0,1,1,'/static/item_img/20161003164548_item_image_pic_14754806660342009948019.jpg',0),(203,'0000000000137','','','','',0,1,1,'/static/item_img/20161003164841_item_image_pic_1475480865993743239115.jpg',0),(204,'0000000000138','','','','',0,1,1,'/static/item_img/20161003165314_item_image_pic_1475481085279435572464.jpg',0),(205,'0000000000139','','','','',0,1,1,'/static/item_img/20161003165605_item_image_pic_1475481274684-2006764287.jpg',0),(206,'0000000000140','','','','',0,1,1,'/static/item_img/20161003165942_item_image_pic_14754815157111661424735.jpg',0),(207,'0000000000141','','','','',0,1,1,'/static/item_img/20161004140825_item_image_pic_1475557545379821953739.jpg',0),(208,'0000000000142','','','','',0,1,1,'/static/item_img/20161004141119_item_image_pic_14755578452541101180225.jpg',0),(209,'0000000000143','','','','',0,1,1,'/static/item_img/20161013142651_item_image_pic_1476336348388769916302.jpg',0),(210,'0000000000144','','','','',0,1,1,'/static/item_img/20161013142810_item_image_pic_14763364547641625198554.jpg',0),(211,'0000000000145','','','','',0,1,1,'/static/item_img/20161013143219_item_image_pic_1476336720788617215812.jpg',0),(212,'0000000000146','','','','',0,1,1,'/static/item_img/20161013143312_item_image_pic_147633677370320003455.jpg',0),(213,'0000000000147','','','','',0,1,1,'/static/item_img/20161013143519_item_image_pic_1476336824408305380770.jpg',0),(214,'0000000000148','2','','','',0,1,1,'/static/item_img/20161013144004_item_image_pic_1476337162341-835189366.jpg',0),(215,'0000000000149','','','','',0,1,1,'/static/item_img/20161013144056_item_image_pic_1476337229674327720906.jpg',0),(216,'0000000000150','','','','',0,1,1,'/static/item_img/20161013144845_item_image_pic_1476337680604860674161.jpg',0),(217,'0000000000151','','','','',0,1,1,'/static/item_img/20161013145149_item_image_pic_1476337883568557170680.jpg',0),(218,'0000000000152','','','','',0,1,1,'/static/item_img/20161013145351_item_image_pic_1476338003337-1801705350.jpg',0),(219,'0000000000153','','','','',0,1,1,'/static/item_img/20161013145629_item_image_pic_1476338165037353174886.jpg',0),(220,'0000000000154','','','','',0,1,1,'/static/item_img/20161013153610_item_image_pic_1476340543467-140277218.jpg',0),(221,'0000000000155','','','','',0,1,1,'/static/item_img/20161013154404_item_image_pic_14763410227451513088727.jpg',0),(222,'0000000000156','','','','',0,1,1,'/static/item_img/20161013154633_item_image_pic_1476341135798646072894.jpg',0),(223,'0000000000157','','','','',0,1,1,'/static/item_img/20161013160726_item_image_pic_1476342381240-738809094.jpg',0),(224,'0000000000158','','','','',0,1,1,'/static/item_img/20161013160939_item_image_pic_1476342557520-964167469.jpg',0),(225,'0000000000159','','','','',0,1,1,'/static/item_img/20161013161148_item_image_pic_14763426578941134925941.jpg',0),(226,'0000000000160','','','','',0,1,1,'/static/item_img/20161013161424_item_image_pic_1476342835876824312515.jpg',0),(227,'0000000000161','','','','',0,1,1,'/static/item_img/20161013163501_item_image_pic_1476344045200-608564715.jpg',0),(228,'0000000000162','','','','',0,1,1,'/static/item_img/20161013163652_item_image_pic_1476344164416289294131.jpg',0),(229,'0000000000163','4969133910817','futon','被','暖かいブランケット　布団かけ',866,1,1,'/static/item_img/20161017154111_item_image_pic_1476686249280986481776.jpg',0),(230,'0000000000164','ジャン　なし','bag','包','鞄',2340,1,1,'/static/item_img/20161017154341_item_image_pic_1476686556960-1059939258.jpg',0),(231,'0000000000165','','','','お出かけバック',0,1,1,'/static/item_img/20161017154811_item_image_pic_1476686843223945943450.jpg',0),(232,'0000000000166','4973307251641','going out bag','','',0,1,1,'/static/item_img/20161017155118_item_image_pic_1476687033522-777388803.jpg',0),(233,'0000000000167','','','','',0,1,1,'/static/item_img/20161017155458_item_image_pic_1476687230981-1947042929.jpg',0),(234,'0000000000168','','','','',0,1,1,'/static/item_img/20161017160222_item_image_pic_14766876596611845465060.jpg',0),(235,'0000000000169','','','','',0,1,1,'/static/item_img/20161017161026_item_image_pic_1476688183891-101482258.jpg',0),(236,'0000000000170','','','','',0,1,1,'/static/item_img/20161017161141_item_image_pic_1476688257728-1418758565.jpg',0),(237,'0000000000171','','','','',0,1,1,'/static/item_img/20161017161613_item_image_pic_1476688412299443285154.jpg',0),(238,'0000000000172','','','','',0,1,1,'/static/item_img/20161017162016_item_image_pic_1476688790092713914395.jpg',0),(239,'0000000000173','','','','',0,1,1,'/static/item_img/20161017162606_item_image_pic_1476689087675-1286453077.jpg',0),(240,'0000000000174','','','','',0,1,1,'/static/item_img/20161017163150_item_image_pic_1476689433851-1673750193.jpg',0),(241,'0000000000175','','','','',0,1,1,'/static/item_img/20161017163422_item_image_pic_14766896346981919794438.jpg',0),(242,'0000000000176','','','','',0,1,1,'/static/item_img/20161017164124_item_image_pic_1476690058141978333604.jpg',0),(243,'0000000000177','','','','',0,1,1,'/static/item_img/20161017164237_item_image_pic_1476690132280433142609.jpg',0),(244,'0000000000178','','','','',0,1,1,'/static/item_img/20161017164359_item_image_pic_14766902114722111683987.jpg',0),(245,'0000000000179','','','','',0,1,1,'/static/item_img/20161017164701_item_image_pic_1476690358190-142903820.jpg',0),(246,'0000000000180','','','','',0,1,1,'/static/item_img/20161017164829_item_image_pic_1476690489622587870864.jpg',0),(247,'0000000000181','','','','',0,1,1,'/static/item_img/20161017165203_item_image_pic_1476690632847-2147139743.jpg',0),(248,'0000000000182','','','','',0,1,1,'/static/item_img/20161017165429_item_image_pic_1476690809256201895652.jpg',0),(249,'0000000000183','','','','',0,1,1,'/static/item_img/20161017165648_item_image_pic_1476690976315-1506530923.jpg',0),(250,'0000000000184','','','','',0,1,1,'/static/item_img/20161017165856_item_image_pic_1476691084278-2009945622.jpg',0),(251,'0000000000185','','','','',0,1,1,'/static/item_img/20161017170255_item_image_pic_1476691338525853917982.jpg',0),(252,'0000000000186','','','','',0,1,1,'/static/item_img/20161017170506_item_image_pic_14766914826831971232704.jpg',0),(253,'0000000000187','','','','',0,1,1,'/static/item_img/20161017170835_item_image_pic_1476691690566-1149005429.jpg',0),(254,'0000000000188','','','','',0,1,1,'/static/item_img/20161017171041_item_image_pic_1476691795056-1032704541.jpg',0),(255,'0000000000189','','','','',0,1,1,'/static/item_img/20161018132604_item_image_pic_1476764694327986481776.jpg',0),(256,'0000000000190','','','','',0,1,1,'/static/item_img/20161018132752_item_image_pic_1476764854093-1059939258.jpg',0),(257,'0000000000191','49902701029','','','snoopy布団',0,1,1,'/static/item_img/20161018133002_item_image_pic_1476764971745945943450.jpg',0),(258,'0000000000192','','','','',0,1,1,'/static/item_img/20161018133212_item_image_pic_1476765111797-777388803.jpg',0),(259,'0000000000193','4992272595307','','','エイリアンアップ',0,1,1,'/static/item_img/20161018133426_item_image_pic_1476765225620-1947042929.jpg',0),(260,'0000000000194','','','','',0,1,1,'/static/item_img/20161018133623_item_image_pic_14767653624791845465060.jpg',0),(261,'0000000000195','','','','',0,1,1,'/static/item_img/20161018133847_item_image_pic_1476765507392-101482258.jpg',0),(262,'0000000000196','','','','',0,1,1,'/static/item_img/20161018134030_item_image_pic_1476765612273-1418758565.jpg',0),(263,'0000000000197','','','','',0,1,1,'/static/item_img/20161018134404_item_image_pic_1476765819107-924174697.jpg',0),(264,'0000000000198','','','','',0,1,1,'/static/item_img/20161018134602_item_image_pic_1476765941208443285154.jpg',0),(265,'0000000000199','','','','',0,1,1,'/static/item_img/20161018134731_item_image_pic_1476766034380713914395.jpg',0),(266,'0000000000200','','','','',0,1,1,'/static/item_img/20161018134846_item_image_pic_1476766110147-1286453077.jpg',0),(267,'0000000000201','','','','',0,1,1,'/static/item_img/20161018135031_item_image_pic_1476766208383-1673750193.jpg',0),(268,'0000000000202','','','','',0,1,1,'/static/item_img/20161018135150_item_image_pic_14767662976791919794438.jpg',0),(269,'0000000000203','','','','',0,1,1,'/static/item_img/20161018135258_item_image_pic_1476766356902-1614641315.jpg',0),(270,'0000000000204','','','','',0,1,1,'/static/item_img/20161018135409_item_image_pic_1476766430472-1417326427.jpg',0),(271,'0000000000205','','','','',0,1,1,'/static/item_img/20161018135519_item_image_pic_14767665024391987372241.jpg',0),(272,'0000000000206','','','','',0,1,1,'/static/item_img/20161018135615_item_image_pic_1476766562379-917638049.jpg',0),(273,'0000000000207','','','','',0,1,1,'/static/item_img/20161018135725_item_image_pic_14767666329301857747302.jpg',0),(274,'0000000000208','','','','',0,1,1,'/static/item_img/20161018140411_item_image_pic_1476767006136-1158599354.jpg',0),(275,'0000000000209','','','','',0,1,1,'/static/item_img/20161018140555_item_image_pic_1476767107330978333604.jpg',0),(276,'0000000000210','','','','',0,1,1,'/static/item_img/20161018140707_item_image_pic_1476767198701433142609.jpg',0),(277,'0000000000211','','','','',0,1,1,'/static/item_img/20161018140758_item_image_pic_14767672591332111683987.jpg',0),(278,'0000000000212','','','','',0,1,1,'/static/item_img/20161018140905_item_image_pic_1476767332021-142903820.jpg',0),(279,'0000000000213','','','','',0,1,1,'/static/item_img/20161018140943_item_image_pic_1476767369525954452746.jpg',0),(280,'0000000000214','','','','',0,1,1,'/static/item_img/20161018141033_item_image_pic_1476767416576587870864.jpg',0),(281,'0000000000215','','','','',0,1,1,'/static/item_img/20161018141123_item_image_pic_1476767469244-2147139743.jpg',0),(282,'0000000000216','','','','',0,1,1,'/static/item_img/20161018141314_item_image_pic_1476767542308201895652.jpg',0),(283,'0000000000217','','','','',0,1,1,'/static/item_img/20161018141430_item_image_pic_1476767629918-1506530923.jpg',0),(284,'0000000000218','','','','',0,1,1,'/static/item_img/20161018141709_item_image_pic_1476767746681-2009945622.jpg',0),(285,'0000000000219','','','','',0,1,1,'/static/item_img/20161018141904_item_image_pic_1476767878411853917982.jpg',0),(286,'0000000000220','','','','',0,1,1,'/static/item_img/20161018142023_item_image_pic_14767680049921971232704.jpg',0),(287,'0000000000221','','','','',0,1,1,'/static/item_img/20161018142123_item_image_pic_1476768066301-1002759424.jpg',0),(288,'0000000000222','','','','',0,1,1,'/static/item_img/20161018143155_item_image_pic_1476768604659-1032704541.jpg',0),(289,'0000000000223','','','','',0,1,1,'/static/item_img/20161018143459_item_image_pic_1476768832134-1908215677.jpg',0),(290,'0000000000224','','','','',0,1,1,'/static/item_img/20161018143725_item_image_pic_1476769014347-487231173.jpg',0),(291,'0000000000225','','','','',0,1,1,'/static/item_img/20161018143812_item_image_pic_1476769070187-859554948.jpg',0),(292,'0000000000226','','','','',0,1,1,'/static/item_img/20161018144131_item_image_pic_14767692715621315411649.jpg',0),(293,'0000000000227','','','','',0,1,1,'/static/item_img/20161018144224_item_image_pic_14767693272471091317927.jpg',0),(294,'0000000000228','','','','',0,1,1,'/static/item_img/20161018144900_item_image_pic_1476769668301486367943.jpg',0),(295,'0000000000229','','','','',0,1,1,'/static/item_img/20161018145033_item_image_pic_1476769784813-389172884.jpg',0),(296,'0000000000230','','','','',0,1,1,'/static/item_img/20161018145232_item_image_pic_14767699041131022807865.jpg',0),(297,'0000000000231','','','','',0,1,1,'/static/item_img/20161018145352_item_image_pic_14767700042121889119362.jpg',0),(298,'0000000000232','','','','',0,1,1,'/static/item_img/20161018145456_item_image_pic_1476770071595448282180.jpg',0),(299,'0000000000233','','','','',0,1,1,'/static/item_img/20161018145713_item_image_pic_14767701703381741103795.jpg',0),(300,'0000000000234','','','','',0,1,1,'/static/item_img/20161018150034_item_image_pic_14767703617232030492913.jpg',0),(301,'0000000000235','','','','',0,1,1,'/static/item_img/20161018150220_item_image_pic_14767704901841011397869.jpg',0),(302,'0000000000236','','','','',0,1,1,'/static/item_img/20161018150438_item_image_pic_1476770595280-1485618361.jpg',0),(303,'0000000000237','','','','',0,1,1,'/static/item_img/20161018150745_item_image_pic_1476770845956-257118573.jpg',0),(304,'0000000000238','','','','',0,1,1,'/static/item_img/20161018150844_item_image_pic_1476770906689453127845.jpg',0),(305,'0000000000239','','','','',0,1,1,'/static/item_img/20161018151211_item_image_pic_14767710691962143567142.jpg',0),(306,'0000000000240','箱仨里的货物','','','',0,1,1,'/static/item_img/20161018151657_item_image_pic_1476771301387489993329.jpg',0),(307,'0000000000241','','','','',0,1,1,'/static/item_img/20161018151848_item_image_pic_1476771498302973213376.jpg',0),(308,'0000000000242','','','','',0,1,1,'/static/item_img/20161018152044_item_image_pic_1476771603845-1737100553.jpg',0),(309,'0000000000243','','','','',0,1,1,'/static/item_img/20161018152136_item_image_pic_1476771672117-1966901572.jpg',0),(310,'0000000000244','','','','',0,1,1,'/static/item_img/20161018153515_item_image_pic_1476772330264-844700126.jpg',0),(311,'0000000000245','','','','',0,1,1,'/static/item_img/20161018153908_item_image_pic_1476772689437-1315372326.jpg',0),(312,'0000000000246','','','','',0,1,1,'/static/item_img/20161018154126_item_image_pic_14767728685601546532119.jpg',0),(313,'0000000000247','','','','',0,1,1,'/static/item_img/20161018154352_item_image_pic_14767729374482092487192.jpg',0),(314,'0000000000248','','','','',0,1,1,'/static/item_img/20161018154535_item_image_pic_14767731090382027599832.jpg',0),(315,'0000000000249','','','','',0,1,1,'/static/item_img/20161018154632_item_image_pic_14767731635761899959388.jpg',0),(316,'0000000000250','','','','',0,1,1,'/static/item_img/20161018154827_item_image_pic_1476773271941-1544909873.jpg',0),(317,'0000000000251','','','','',0,1,1,'/static/item_img/20161018154921_item_image_pic_1476773330939-745199818.jpg',0),(318,'0000000000252','','','','',0,1,1,'/static/item_img/20161018155027_item_image_pic_1476773400259-2049258880.jpg',0),(319,'0000000000253','','','','',0,1,1,'/static/item_img/20161018155415_item_image_pic_14767735626612068588674.jpg',0),(320,'0000000000254','','','','',0,1,1,'/static/item_img/20161018155657_item_image_pic_1476773779028569935840.jpg',0),(321,'0000000000255','','','','',0,1,1,'/static/item_img/20161018160539_item_image_pic_14767739225481997123234.jpg',0),(322,'0000000000256','','','','',0,1,1,'/static/item_img/20161018160701_item_image_pic_1476774397649-765166667.jpg',0),(323,'0000000000257','','','','',0,1,1,'/static/item_img/20161018160829_item_image_pic_1476774477767-163747449.jpg',0),(324,'0000000000258','','','','',0,1,1,'/static/item_img/20161018161612_item_image_pic_1476774906896-701682781.jpg',0),(325,'0000000000259','','','','',0,1,1,'/static/item_img/20161018161724_item_image_pic_1476775023088-1086941929.jpg',0),(326,'0000000000260','','','','',0,1,1,'/static/item_img/20161018161833_item_image_pic_14767750914771644873688.jpg',0),(327,'0000000000261','','','','',0,1,1,'/static/item_img/20161018162001_item_image_pic_1476775173426-577508168.jpg',0),(328,'0000000000262','','','','',0,1,1,'/static/item_img/20161018162053_item_image_pic_1476775237172600261234.jpg',0),(329,'0000000000263','','','','',0,1,1,'/static/item_img/20161018162149_item_image_pic_14767752914251757284622.jpg',0),(330,'0000000000264','','','','',0,1,1,'/static/item_img/20161018162242_item_image_pic_14767753373381156975123.jpg',0),(331,'0000000000265','','','','',0,1,1,'/static/item_img/20161018162406_item_image_pic_147677542492361672483.jpg',0),(332,'0000000000266','','','','',0,1,1,'/static/item_img/20161018162813_item_image_pic_1476775493656-988460474.jpg',0),(333,'0000000000267','','','','',0,1,1,'/static/item_img/20161018162952_item_image_pic_1476775765505-41808489.jpg',0),(334,'0000000000268','','','','',0,1,1,'/static/item_img/20161018163125_item_image_pic_1476775864783-275695461.jpg',0),(335,'0000000000269','','','','',0,1,1,'/static/item_img/20161018163231_item_image_pic_1476775923496-1856362610.jpg',0),(336,'0000000000270','','','','',0,1,1,'/static/item_img/20161018163330_item_image_pic_1476775994507-279063647.jpg',0),(337,'0000000000271','','','','',0,1,1,'/static/item_img/20161018163418_item_image_pic_147677603853349030764.jpg',0),(338,'0000000000272','','','','',0,1,1,'/static/item_img/20161018163545_item_image_pic_14767761208711310204212.jpg',0),(339,'0000000000273','','','','',0,1,1,'/static/item_img/20161018163632_item_image_pic_14767761746501702822059.jpg',0),(340,'0000000000274','','','','',0,1,1,'/static/item_img/20161018163721_item_image_pic_14767762214051746107310.jpg',0),(341,'0000000000275','','','','',0,1,1,'/static/item_img/20161018163856_item_image_pic_1476776317862-2063912637.jpg',0),(342,'0000000000276','','','','',0,1,1,'/static/item_img/20161018165527_item_image_pic_1476777264112-1674679814.jpg',0),(343,'0000000000277','','','','',0,1,1,'/static/item_img/20161018165633_item_image_pic_1476777368069935143048.jpg',0),(344,'0000000000278','','','','',0,1,1,'/static/item_img/20161018165821_item_image_pic_1476777463996-246684506.jpg',0),(345,'0000000000279','','','','',0,1,1,'/static/item_img/20161018165951_item_image_pic_1476777534549-599457692.jpg',0),(346,'0000000000280','','','','',0,1,1,'/static/item_img/20161018170056_item_image_pic_1476777625387-52471203.jpg',0),(347,'0000000000281','','','','',0,1,1,'/static/item_img/20161018170210_item_image_pic_1476777708129-425319348.jpg',0),(348,'0000000000282','','','','',0,1,1,'/static/item_img/20161018170312_item_image_pic_1476777774115-788311948.jpg',0),(349,'0000000000283','','','','',0,1,1,'/static/item_img/20161018170434_item_image_pic_1476777831687-908162438.jpg',0),(350,'0000000000284','','','','',0,1,1,'/static/item_img/20161018170552_item_image_pic_1476777915296-421351316.jpg',0),(351,'0000000000285','','','','',0,1,1,'/static/item_img/20161018170744_item_image_pic_1476778039799-78289120.jpg',0),(352,'0000000000286','','','','',0,1,1,'/static/item_img/20161018170919_item_image_pic_1476778140614-1288912485.jpg',0),(353,'0000000000287','','','','',0,1,1,'/static/item_img/20161018171103_item_image_pic_14767782436191073136557.jpg',0),(354,'0000000000288','','','','',0,1,1,'/static/item_img/20161018171324_item_image_pic_1476778311786604178007.jpg',0),(355,'0000000000289','','','','',0,1,1,'/static/item_img/20161018171418_item_image_pic_14767784310471961758570.jpg',0),(356,'0000000000290','','','','',0,1,1,'/static/item_img/20161018171517_item_image_pic_14767784966891277740631.jpg',0),(357,'0000000000291','','','','',0,1,1,'/static/item_img/20161018171620_item_image_pic_1476778558068-971148305.jpg',0),(358,'0000000000292','','','','',0,1,1,'/static/item_img/20161018171828_item_image_pic_1476778677317-1790538706.jpg',0),(359,'0000000000293','','','','',0,1,1,'/static/item_img/20161018171932_item_image_pic_1476778736010495460672.jpg',0),(360,'0000000000294','','','','',0,1,1,'/static/item_img/20161018172112_item_image_pic_1476778847857-566537726.jpg',0),(361,'0000000000295','','','','',0,1,1,'/static/item_img/20161018172227_item_image_pic_14767789100831307614869.jpg',0),(362,'0000000000296','','','','',0,1,1,'/static/item_img/20161018172326_item_image_pic_14767789828381615010287.jpg',0),(363,'0000000000297','','','','',0,1,1,'/static/item_img/20161018172452_item_image_pic_14767790454261927006235.jpg',0),(364,'0000000000298','','','','',0,1,1,'/static/item_img/20161018172539_item_image_pic_1476779123206-1422178119.jpg',0),(365,'0000000000299','','','','',0,1,1,'/static/item_img/20161018172625_item_image_pic_14767791665211166036778.jpg',0),(366,'0000000000300','','','','',0,1,1,'/static/item_img/20161018172732_item_image_pic_1476779233489420666814.jpg',0),(367,'0000000000301','','','','',0,1,1,'/static/item_img/20161018172838_item_image_pic_1476779301305-156196406.jpg',0),(368,'0000000000302','','','','',0,1,1,'/static/item_img/20161018172933_item_image_pic_1476779355943-499343041.jpg',0),(369,'0000000000303','','','','',0,1,1,'/static/item_img/20161018173038_item_image_pic_1476779417633-1721639040.jpg',0),(370,'0000000000304','','','','',0,1,1,'/static/item_img/20161018173149_item_image_pic_1476779493393-403756426.jpg',0),(371,'0000000000305','','','','',0,1,1,'/static/item_img/20161018173232_item_image_pic_1476779536457553796778.jpg',0),(372,'0000000000306','','','','',0,1,1,'/static/item_img/20161018173325_item_image_pic_14767795843681503674656.jpg',0),(373,'0000000000307','','','','',0,1,1,'/static/item_img/20161018173707_item_image_pic_14767797459391449724679.jpg',0),(374,'0000000000308','','','','',0,1,1,'/static/item_img/20161018173846_item_image_pic_14767798937021439378016.jpg',0),(375,'0000000000309','','','','',0,1,1,'/static/item_img/20161018174000_item_image_pic_14767799566311059747092.jpg',0),(376,'0000000000310','','','','',0,1,1,'/static/item_img/20161018174200_item_image_pic_14767801029101938711393.jpg',0),(377,'0000000000311','','','','',0,1,1,'/static/item_img/20161018174307_item_image_pic_1476780161373547387969.jpg',0),(378,'0000000000312','','','','',0,1,1,'/static/item_img/20161018174433_item_image_pic_1476780225055192200213.jpg',0),(379,'0000000000313','','','','',0,1,1,'/static/item_img/20161018174544_item_image_pic_1476780317201-1170786377.jpg',0),(380,'0000000000314','','','','',0,1,1,'/static/item_img/20161018174746_item_image_pic_1476780421942-1796212171.jpg',0),(381,'0000000000315','','','','',0,1,1,'/static/item_img/20161018174833_item_image_pic_14767805021041119613081.jpg',0),(382,'0000000000316','','','','',0,1,1,'/static/item_img/20161018174936_item_image_pic_14767805534411854300516.jpg',0),(383,'0000000000317','','','','',0,1,1,'/static/item_img/20161018175051_item_image_pic_1476780620749889946173.jpg',0),(384,'0000000000318','','','','',0,1,1,'/static/item_img/20161018175309_item_image_pic_1476780735742-95267774.jpg',0),(385,'0000000000319','','','','',0,1,1,'/static/item_img/20161018175355_item_image_pic_1476780816611-931588822.jpg',0),(386,'0000000000320','','','','',0,1,1,'/static/item_img/20161018175552_item_image_pic_1476780908608-1824468336.jpg',0),(387,'0000000000321','','','','',0,1,1,'/static/item_img/20161018175635_item_image_pic_1476780979004962167754.jpg',0),(388,'0000000000322','','','','',0,1,1,'/static/item_img/20161018175716_item_image_pic_14767810207231129642423.jpg',0),(389,'0000000000323','','','','',0,1,1,'/static/item_img/20161018175759_item_image_pic_14767810624652042563766.jpg',0),(390,'0000000000324','','','','',0,1,1,'/static/item_img/20161018180012_item_image_pic_1476781162248-1653329543.jpg',0),(391,'0000000000325','','','','',0,1,1,'/static/item_img/20161018180117_item_image_pic_14767812477911878558395.jpg',0),(392,'0000000000326','','','','',0,1,1,'/static/item_img/20161018180223_item_image_pic_1476781323560-756074558.jpg',0),(393,'0000000000327','','','','',0,1,1,'/static/item_img/20161018180341_item_image_pic_1476781381424410647821.jpg',0),(394,'0000000000328','','','','',0,1,1,'/static/item_img/20161018180517_item_image_pic_1476781463161-15042560.jpg',0),(395,'0000000000329','','','','',0,1,1,'/static/item_img/20161018180638_item_image_pic_1476781567967-939595929.jpg',0),(396,'0000000000330','','','','',0,1,1,'/static/item_img/20161018180808_item_image_pic_1476781642524-1619514042.jpg',0),(397,'0000000000331','','','','',0,1,1,'/static/item_img/20161018181025_item_image_pic_1476781764658-1641328894.jpg',0),(398,'0000000000332','','','','',0,1,1,'/static/item_img/20161018181225_item_image_pic_1476781872371334117511.jpg',0),(399,'0000000000333','','','','',0,1,1,'/static/item_img/20161018181323_item_image_pic_1476781981765855395730.jpg',0),(400,'0000000000334','evatseng','','','',0,1,1,'/static/item_img/20161019155101_item_image_pic_1476859717397-1513986484.jpg',0),(401,'0000000000335','evatseng','','','',0,1,1,'/static/item_img/20161019155318_item_image_pic_1476859959182-106709375.jpg',0),(402,'0000000000336','evatseng','','','',0,1,1,'/static/item_img/20161019155419_item_image_pic_1476860022048-1363306410.jpg',0),(403,'0000000000337','evatseng','','','',0,1,1,'/static/item_img/20161019160019_item_image_pic_1476860371914914581614.jpg',0),(404,'0000000000338','evatseng','','','',0,1,1,'/static/item_img/20161019160152_item_image_pic_1476860486682-1241819236.jpg',0),(405,'0000000000339','evatseng','','','',0,1,1,'/static/item_img/20161019160557_item_image_pic_1476860656967-295949020.jpg',0),(406,'0000000000340','evatseng','','','',0,1,1,'/static/item_img/20161019160948_item_image_pic_1476860940173888670713.jpg',0),(407,'0000000000341','evatseng','','','',0,1,1,'/static/item_img/20161019161224_item_image_pic_14768610768342056535543.jpg',0),(408,'0000000000342','evatseng','','','',0,1,1,'/static/item_img/20161019161411_item_image_pic_1476861222941-271973300.jpg',0),(409,'0000000000343','evatseng','','','',0,1,1,'/static/item_img/20161019161601_item_image_pic_1476861319267117072609.jpg',0),(410,'0000000000344','evatseng','','','',0,1,1,'/static/item_img/20161019161708_item_image_pic_14768614079421263153055.jpg',0),(411,'0000000000345','evatseng','','','',0,1,1,'/static/item_img/20161019161844_item_image_pic_1476861499088-26148914.jpg',0),(412,'0000000000346','evatseng','','','',0,1,1,'/static/item_img/20161019161935_item_image_pic_1476861559499-686850994.jpg',0),(413,'0000000000347','','','','',0,1,1,'/static/item_img/20161019162843_item_image_pic_1476862076881-1124826376.jpg',0),(414,'0000000000348','','','','',0,1,1,'/static/item_img/20161019163031_item_image_pic_1476862176585-1504933299.jpg',0),(415,'0000000000349','','','','ミッキーカットのりJAN: 4977843009605',0,1,1,'/static/item_img/20161019163212_item_image_pic_1476862289173739907659.jpg',0),(416,'0000000000350','','','','',0,1,1,'/static/item_img/20161019163315_item_image_pic_14768623757612045273590.jpg',0),(417,'0000000000351','','','','',0,1,1,'/static/item_img/20161019163433_item_image_pic_14768624487891182085410.jpg',0),(418,'0000000000352','','','','発熱タイツJAN:4967162678590',0,1,1,'/static/item_img/20161019163724_item_image_pic_1476862537150301992709.jpg',0),(419,'0000000000353','','','','安全鉛筆けずりJAN:4901478128325',0,1,1,'/static/item_img/20161020132016_item_image_pic_1476937128282-785256364.jpg',0),(420,'0000000000354','','','','',0,1,1,'/static/item_img/20161020132205_item_image_pic_1476937246270-1931652308.jpg',0),(421,'0000000000355','','','','',0,1,1,'/static/item_img/20161020132451_item_image_pic_1476937413013-1569054135.jpg',0),(422,'0000000000356','','','','',0,1,1,'/static/item_img/20161020132926_item_image_pic_1476937585596-2017083754.jpg',0),(423,'0000000000357','','','','',0,1,1,'/static/item_img/20161020133056_item_image_pic_14769378091062139267512.jpg',0),(424,'0000000000358','','','','',0,1,1,'/static/item_img/20161020133305_item_image_pic_1476937920240143884132.jpg',0),(425,'0000000000359','','','','',0,1,1,'/static/item_img/20161020133530_item_image_pic_14769380695051585323017.jpg',0),(426,'0000000000360','','','','',0,1,1,'/static/item_img/20161020133715_item_image_pic_1476938189390303653047.jpg',0),(427,'0000000000361','台湾jc','','','',0,1,1,'/static/item_img/20161020160131_item_image_pic_1476945191118-527353228.jpg',0),(428,'0000000000362','niku','','','',0,1,1,'/static/item_img/20161020161024_item_image_pic_1476947387857-848521407.jpg',0),(429,'0000000000363','niku','','','',0,1,1,'/static/item_img/20161020161149_item_image_pic_14769474889241148467400.jpg',0),(430,'0000000000364','niku','','','',0,1,1,'/static/item_img/20161020161311_item_image_pic_1476947576118588738036.jpg',0),(431,'0000000000365','niku','','','',0,1,1,'/static/item_img/20161020161435_item_image_pic_1476947655297757561818.jpg',0),(432,'0000000000366','','','','こともタイツ JAN:4547531907775',0,1,1,'/static/item_img/20161021152350_item_image_pic_1477030948970-1670982616.jpg',0),(433,'0000000000367','','','','',0,1,1,'/static/item_img/20161021152350_item_image_pic_1477030948970-1670982616.jpg',0),(434,'0000000000368','','','','',0,1,1,'/static/item_img/20161021152639_item_image_pic_1477031180777-420644684.jpg',0),(435,'0000000000369','','','','',0,1,1,'/static/item_img/20161021152722_item_image_pic_1477031227477-1076903099.jpg',0),(436,'0000000000370','','','','',0,1,1,'/static/item_img/20161021152825_item_image_pic_147703127663626541997.jpg',0),(437,'0000000000371','','','','',0,1,1,'/static/item_img/20161021152922_item_image_pic_14770313459411540188785.jpg',0),(438,'0000000000372','','','','',0,1,1,'/static/item_img/20161021153017_item_image_pic_1477031389594-819142849.jpg',0),(439,'0000000000373','','','','',0,1,1,'/static/item_img/20161021153137_item_image_pic_14770314787551611640227.jpg',0),(440,'0000000000374','','','','',0,1,1,'/static/item_img/20161021153236_item_image_pic_1477031523347-1175446159.jpg',0),(441,'0000000000375','','','','',0,1,1,'/static/item_img/20161021153506_item_image_pic_1477031684982-1338693968.jpg',0),(442,'0000000000376','','','','',0,1,1,'/static/item_img/20161021153607_item_image_pic_1477031746995-1035327651.jpg',0),(443,'0000000000377','','','','',0,1,1,'/static/item_img/20161021153706_item_image_pic_1477031793521196943901.jpg',0),(444,'0000000000378','','','','',0,1,1,'/static/item_img/20161021153823_item_image_pic_1477031876220618066514.jpg',0),(445,'0000000000379','','','','',0,1,1,'/static/item_img/20161021153922_item_image_pic_1477031947861-1659905686.jpg',0),(446,'0000000000380','','','','',0,1,1,'/static/item_img/20161021154020_item_image_pic_1477032004551-586684395.jpg',0),(447,'0000000000381','','','','',0,1,1,'/static/item_img/20161021154115_item_image_pic_1477032054123-303475532.jpg',0),(448,'0000000000382','','','','',0,1,1,'/static/item_img/20161021154207_item_image_pic_1477032109572-1506851837.jpg',0),(449,'0000000000383','','','','',0,1,1,'/static/item_img/20161021154852_item_image_pic_14770324784221609298899.jpg',0),(450,'0000000000384','','','','',0,1,1,'/static/item_img/20161021154951_item_image_pic_1477032568005785952803.jpg',0),(451,'0000000000385','','','','',0,1,1,'/static/item_img/20161021155058_item_image_pic_1477032633797-335398041.jpg',0),(452,'0000000000386','','','','',0,1,1,'/static/item_img/20161021155146_item_image_pic_1477032686884-1892656022.jpg',0),(453,'0000000000387','','','','',0,1,1,'/static/item_img/20161021155436_item_image_pic_1477032808170261241969.jpg',0),(454,'0000000000388','','','','',0,1,1,'/static/item_img/20161021155536_item_image_pic_1477032919998-385857597.jpg',0),(455,'0000000000389','','','','',0,1,1,'/static/item_img/20161021155752_item_image_pic_1477033025358529529196.jpg',0),(456,'0000000000390','','','','',0,1,1,'/static/item_img/20161021155940_item_image_pic_14770331048162132365715.jpg',0),(457,'0000000000391','','','','',0,1,1,'/static/item_img/20161021160034_item_image_pic_14770332180602067245567.jpg',0),(458,'0000000000392','','','','',0,1,1,'/static/item_img/20161021160214_item_image_pic_1477033294539-1280918577.jpg',0),(459,'0000000000393','','','','',0,1,1,'/static/item_img/20161021160257_item_image_pic_1477033363322-1179346755.jpg',0),(460,'0000000000394','','','','',0,1,1,'/static/item_img/20161021160419_item_image_pic_14770334434011039096039.jpg',0),(461,'0000000000395','','','','',0,1,1,'/static/item_img/20161021160652_item_image_pic_1477033590902-1733786100.jpg',0),(462,'0000000000396','','','','',0,1,1,'/static/item_img/20161021160745_item_image_pic_1477033648997125348821.jpg',0),(463,'0000000000397','','','','',0,1,1,'/static/item_img/20161021160828_item_image_pic_14770336947341559337373.jpg',0),(464,'0000000000398','','','','',0,1,1,'/static/item_img/20161021160916_item_image_pic_1477033741725-43496190.jpg',0),(465,'0000000000399','','','','',0,1,1,'/static/item_img/20161021161045_item_image_pic_1477033822691-724539712.jpg',0),(466,'0000000000400','','','','',0,1,1,'/static/item_img/20161021161420_item_image_pic_14770340420651834478011.jpg',0),(467,'0000000000401','','','','',0,1,1,'/static/item_img/20161021161532_item_image_pic_1477034106961-246205841.jpg',0),(468,'0000000000402','','','','',0,1,1,'/static/item_img/20161021162154_item_image_pic_1477034433981-547374461.jpg',0),(469,'0000000000403','','','','アルファベットJAN:4901480243146',0,1,1,'/static/item_img/20161021162336_item_image_pic_14770345613241708966791.jpg',0),(470,'0000000000404','','','','',0,1,1,'/static/item_img/20161021162438_item_image_pic_1477034657352-164821441.jpg',0),(471,'0000000000405','','','','',0,1,1,'/static/item_img/20161021162537_item_image_pic_1477034721562-1448909167.jpg',0),(472,'0000000000406','','','','',0,1,1,'/static/item_img/20161021162706_item_image_pic_1477034810084-819904878.jpg',0),(473,'0000000000407','','','','ミニ卓上鉛筆削りJAN:４９０１４７８１２８３９４',0,1,1,'/static/item_img/20161021162747_item_image_pic_14770348537581333501798.jpg',0),(474,'0000000000408','','','','',0,1,1,'/static/item_img/20161021163208_item_image_pic_1477035077326499927683.jpg',0),(475,'0000000000409','','','','',0,1,1,'/static/item_img/20161021164334_item_image_pic_1477035709033139929054.jpg',0),(476,'0000000000410','','','','',0,1,1,'/static/item_img/20161021164440_item_image_pic_14770358639851593550614.jpg',0),(477,'0000000000411','','','','',0,1,1,'/static/item_img/20161021164538_item_image_pic_1477035917432-1601863648.jpg',0),(478,'0000000000412','','','','',0,1,1,'/static/item_img/20161021164655_item_image_pic_1477035998377-446274476.jpg',0),(479,'0000000000413','','','','骨盤ショーツJAN:４580260583117',0,1,1,'/static/item_img/20161021164758_item_image_pic_14770360623251711904453.jpg',0),(480,'0000000000414','','','','',0,1,1,'/static/item_img/20161021164842_item_image_pic_1477036103760493933768.jpg',0),(481,'0000000000415','','','','骨盤ショーツJAN:４580260583131',0,1,1,'/static/item_img/20161021164933_item_image_pic_1477036153002-1827172806.jpg',0),(482,'0000000000416','','','','',0,1,1,'/static/item_img/20161021165223_item_image_pic_1477036256356-763580009.jpg',0),(483,'0000000000417','','','','',0,1,1,'/static/item_img/20161024125557_item_image_pic_1477281149929-1154091131.jpg',0),(484,'0000000000418','','','','',0,1,1,'/static/item_img/20161024125823_item_image_pic_14772814807031702285549.jpg',0),(485,'0000000000419','','','','',0,1,1,'/static/item_img/20161024142550_item_image_pic_147728618745217781349.jpg',0),(486,'0000000000420','','','','',0,1,1,'/static/item_img/20161024143242_item_image_pic_1477286797726-925287097.jpg',0),(487,'0000000000421','','','','',0,1,1,'/static/item_img/20161024144417_item_image_pic_1477287812410-1335126377.jpg',0),(488,'0000000000422','','','','',0,1,1,'/static/item_img/20161024144804_item_image_pic_1477287950467-1471276863.jpg',0),(489,'0000000000423','','','','',0,1,1,'/static/item_img/20161024145713_item_image_pic_1477288592364-465245242.jpg',0),(490,'0000000000424','','','','',0,1,1,'/static/item_img/20161024145959_item_image_pic_14772887629525644203.jpg',0),(491,'0000000000425','','','','',0,1,1,'/static/item_img/20161024150439_item_image_pic_14772890380411201230530.jpg',0),(492,'0000000000426','Tw,huangyaomin','','','',0,1,1,'/static/item_img/20161024151510_item_image_pic_1477289609860-736019575.jpg',0),(493,'0000000000427','Tw,huangyaomin','','','',0,1,1,'/static/item_img/20161024151623_item_image_pic_14772897471371731950061.jpg',0),(494,'0000000000428','Tw,huangyaomin','','','',0,1,1,'/static/item_img/20161024151824_item_image_pic_1477289850954-643667138.jpg',0),(495,'0000000000429','Tw,huangyaomin','','','',0,1,1,'/static/item_img/20161024151937_item_image_pic_1477289929749-1600525280.jpg',0),(496,'0000000000430','Tw,huangyaomin','','','',0,1,1,'/static/item_img/20161024152032_item_image_pic_1477290006153520128827.jpg',0),(497,'0000000000431','','','','',0,1,1,'/static/item_img/20161026133548_item_image_pic_1477456518287678758306.jpg',0),(498,'0000000000432','','','','',0,1,1,'/static/item_img/20161026133648_item_image_pic_1477456590491-1490836029.jpg',0),(499,'0000000000433','','','','',0,1,1,'/static/item_img/20161026133730_item_image_pic_1477456634318782045457.jpg',0),(500,'0000000000434','','','','',0,1,1,'/static/item_img/20161026133856_item_image_pic_1477456704738715818487.jpg',0),(501,'0000000000435','','','','',0,1,1,'/static/item_img/20161026134028_item_image_pic_1477456793005-1198642813.jpg',0),(502,'0000000000436','','','','',0,1,1,'/static/item_img/20161026134310_item_image_pic_1477456910464-1464280418.jpg',0),(503,'0000000000437','','','','',0,1,1,'/static/item_img/20161026134759_item_image_pic_1477457265460-1621925086.jpg',0),(504,'0000000000438','','','','',0,1,1,'/static/item_img/20161026134910_item_image_pic_1477457318022-674265748.jpg',0),(505,'0000000000439','','','','',0,1,1,'/static/item_img/20161026135024_item_image_pic_1477457403498-867190055.jpg',0),(506,'0000000000440','','','','',0,1,1,'/static/item_img/20161026135150_item_image_pic_1477457473649521952329.jpg',0),(507,'0000000000441','','','','',0,1,1,'/static/item_img/20161026135322_item_image_pic_14774575740831068665677.jpg',0),(508,'0000000000442','','','','',0,1,1,'/static/item_img/20161026140135_item_image_pic_1477458050167-1942297763.jpg',0),(509,'0000000000443','','','','',0,1,1,'/static/item_img/20161026140325_item_image_pic_1477458174268-455838331.jpg',0),(510,'0000000000444','','','','',0,1,1,'/static/item_img/20161026140531_item_image_pic_14774582871761416689158.jpg',0),(511,'0000000000445','','','','',0,1,1,'/static/item_img/20161026140751_item_image_pic_1477458443361-488299050.jpg',0),(512,'0000000000446','','','','',0,1,1,'/static/item_img/20161026140852_item_image_pic_14774585044311123419228.jpg',0),(513,'0000000000447','','','','',0,1,1,'/static/item_img/20161026141008_item_image_pic_1477458577739-1514233833.jpg',0),(514,'0000000000448','','','','',0,1,1,'/static/item_img/20161026141133_item_image_pic_14774586594191564350956.jpg',0),(515,'0000000000449','','','','',0,1,1,'/static/item_img/20161026141302_item_image_pic_1477458745624-1362805720.jpg',0),(516,'0000000000450','','','','',0,1,1,'/static/item_img/20161026141445_item_image_pic_1477458859889-762371131.jpg',0),(517,'0000000000451','','','','',0,1,1,'/static/item_img/20161026141615_item_image_pic_14774589566261245693007.jpg',0),(518,'0000000000452','','','','',0,1,1,'/static/item_img/20161026141750_item_image_pic_1477459047371-1805439202.jpg',0),(519,'0000000000453','','','','',0,1,1,'/static/item_img/20161026142607_item_image_pic_1477459524271-1431877383.jpg',0),(520,'0000000000454','','','','',0,1,1,'/static/item_img/20161026142750_item_image_pic_1477459645091678588176.jpg',0),(521,'0000000000455','','','','',0,1,1,'/static/item_img/20161026142952_item_image_pic_147745974715333999328.jpg',0),(522,'0000000000456','','','','',0,1,1,'/static/item_img/20161026143136_item_image_pic_1477459862597-1120596161.jpg',0),(523,'0000000000457','','','','',0,1,1,'/static/item_img/20161026143338_item_image_pic_147745997869059693739.jpg',0),(524,'0000000000458','','','','',0,1,1,'/static/item_img/20161026143527_item_image_pic_1477460096567157876839.jpg',0),(525,'0000000000459','','','','',0,1,1,'/static/item_img/20161026144438_item_image_pic_1477460626670783186296.jpg',0),(526,'0000000000460','','','','',0,1,1,'/static/item_img/20161026144623_item_image_pic_1477460757287-1259247835.jpg',0),(527,'0000000000461','','','','',0,1,1,'/static/item_img/20161026144923_item_image_pic_1477460932673-2128578571.jpg',0),(528,'0000000000462','','','','',0,1,1,'/static/item_img/20161026145138_item_image_pic_1477461073486791845496.jpg',0),(529,'0000000000463','','','','',0,1,1,'/static/item_img/20161026145459_item_image_pic_1477461264673-614290436.jpg',0),(530,'0000000000464','','','','',0,1,1,'/static/item_img/20161026145620_item_image_pic_14774613584041463480012.jpg',0),(531,'0000000000465','','','','',0,1,1,'/static/item_img/20161026145711_item_image_pic_1477461409195-1782928702.jpg',0),(532,'0000000000466','','','','',0,1,1,'/static/item_img/20161026145757_item_image_pic_14774614582611697124235.jpg',0),(533,'0000000000467','','','','',0,1,1,'/static/item_img/20161026145837_item_image_pic_1477461501820-1223513576.jpg',0),(534,'0000000000468','','','','',0,1,1,'/static/item_img/20161026152357_item_image_pic_1477462990509-854807412.jpg',0),(535,'0000000000469','','','','',0,1,1,'/static/item_img/20161026152453_item_image_pic_1477463074443-1772464807.jpg',0),(536,'0000000000470','','','','',0,1,1,'/static/item_img/20161026152551_item_image_pic_1477463131101773975510.jpg',0),(537,'0000000000471','','','','',0,1,1,'/static/item_img/20161026152647_item_image_pic_1477463188402703299574.jpg',0),(538,'0000000000472','','','','',0,1,1,'/static/item_img/20161026152744_item_image_pic_1477463235503-910051442.jpg',0),(539,'0000000000473','','','','',0,1,1,'/static/item_img/20161026152839_item_image_pic_1477463302421-1970489923.jpg',0),(540,'0000000000474','','','','',0,1,1,'/static/item_img/20161026153017_item_image_pic_1477463379011-1782595824.jpg',0),(541,'0000000000475','','','','',0,1,1,'/static/item_img/20161026153143_item_image_pic_1477463464492-1455601332.jpg',0),(542,'0000000000476','','','','',0,1,1,'/static/item_img/20161026153316_item_image_pic_1477463550222-604783786.jpg',0),(543,'0000000000477','','','','',0,1,1,'/static/item_img/20161026161622_item_image_pic_1477466135953-69084861.jpg',0),(544,'0000000000478','','','','',0,1,1,'/static/item_img/20161026161723_item_image_pic_14774662117881301985692.jpg',0),(545,'0000000000479','','','','',0,1,1,'/static/item_img/20161026161945_item_image_pic_1477466286677280842103.jpg',0),(546,'0000000000480','','','','',0,1,1,'/static/item_img/20161026162118_item_image_pic_1477466416175235377360.jpg',0),(547,'0000000000481','','','','',0,1,1,'/static/item_img/20161026162401_item_image_pic_1477466576734-470759706.jpg',0),(548,'0000000000482','','','','',0,1,1,'/static/item_img/20161026163101_item_image_pic_1477467037156-2043517769.jpg',0),(549,'0000000000483','','','','',0,1,1,'/static/item_img/20161026163201_item_image_pic_14774670999171076099662.jpg',0),(550,'0000000000484','','','','',0,1,1,'/static/item_img/20161026163320_item_image_pic_1477467175150-871723966.jpg',0),(551,'0000000000485','','','','',0,1,1,'/static/item_img/20161026163456_item_image_pic_14774672499781739234346.jpg',0),(552,'0000000000486','','','','',0,1,1,'/static/item_img/20161026163609_item_image_pic_1477467334786-162165886.jpg',0),(553,'0000000000487','','','','',0,1,1,'/static/item_img/20161026163719_item_image_pic_1477467414461-778703381.jpg',0),(554,'0000000000488','','','','',0,1,1,'/static/item_img/20161026163819_item_image_pic_1477467464755-1563246701.jpg',0),(555,'0000000000489','','','','',0,1,1,'/static/item_img/20161026163919_item_image_pic_1477467532714-1075851884.jpg',0),(556,'0000000000490','','','','',0,1,1,'/static/item_img/20161026164101_item_image_pic_14774676022932132308220.jpg',0),(557,'0000000000491','','','','',0,1,1,'/static/item_img/20161026164803_item_image_pic_1477468053153-326658032.jpg',0),(558,'0000000000492','','','','',0,1,1,'/static/item_img/20161027144858_item_image_pic_1477547291786-1989151057.jpg',0),(559,'0000000000493','','','','',0,1,1,'/static/item_img/20161027145149_item_image_pic_1477547379822-1026745619.jpg',0),(560,'0000000000494','','','','',0,1,1,'/static/item_img/20161027145538_item_image_pic_1477547671421514935509.jpg',0),(561,'0000000000495','','','','',0,1,1,'/static/item_img/20161027145659_item_image_pic_1477547772634-2042155131.jpg',0),(562,'0000000000496','','','','',0,1,1,'/static/item_img/20161027145752_item_image_pic_14775478532651292481063.jpg',0),(563,'0000000000497','','','','',0,1,1,'/static/item_img/20161027145855_item_image_pic_1477547911429-32422715.jpg',0),(564,'0000000000498','','','','',0,1,1,'/static/item_img/20161027152113_item_image_pic_14775491720632047367621.jpg',0),(565,'0000000000499','','','','',0,1,1,'/static/item_img/20161027152248_item_image_pic_1477549311739-631253523.jpg',0),(566,'0000000000500','','','','',0,1,1,'/static/item_img/20161027153155_item_image_pic_1477549412383-150902275.jpg',0),(567,'0000000000501','','','','',0,1,1,'/static/item_img/20161027153331_item_image_pic_1477549980607-723213813.jpg',0),(568,'0000000000502','','','','',0,1,1,'/static/item_img/20161027153517_item_image_pic_1477550070980617178687.jpg',0),(569,'0000000000503','','','','',0,1,1,'/static/item_img/20161027154209_item_image_pic_1477550164084-133181722.jpg',0),(570,'0000000000504','','','','',0,1,1,'/static/item_img/20161028131342_item_image_pic_1477627948374333638540.jpg',0),(571,'0000000000505','','','','',0,1,1,'/static/item_img/20161028132257_item_image_pic_14776285515771220554706.jpg',0),(572,'0000000000506','','','','',0,1,1,'/static/item_img/20161028133940_item_image_pic_14776294883361838465996.jpg',0),(573,'0000000000507','','','','',0,1,1,'/static/item_img/20161028135459_item_image_pic_1477630465857-886410617.jpg',0),(574,'0000000000508','','','','',0,1,1,'/static/item_img/20161028135627_item_image_pic_14776305614642037253947.jpg',0),(575,'0000000000509','','','','',0,1,1,'/static/item_img/20161028135725_item_image_pic_14776306273931327887389.jpg',0),(576,'0000000000510','','','','',0,1,1,'/static/item_img/20161028135832_item_image_pic_1477630687358-1545416502.jpg',0),(577,'0000000000511','','','','',0,1,1,'/static/item_img/20161028140505_item_image_pic_1477631080009-2059762632.jpg',0),(578,'0000000000512','','','','',0,1,1,'/static/item_img/20161028140819_item_image_pic_1477631157878-1559921323.jpg',0),(579,'0000000000513','Tw,32411','','','',0,1,1,'/static/item_img/20161028142405_item_image_pic_1477632153734-2126520425.jpg',0),(580,'0000000000514','','','','',0,1,1,'/static/item_img/20161101142602_item_image_pic_1477977921404-951474181.jpg',0),(581,'0000000000515','','','','',0,1,1,'/static/item_img/20161104135202_item_image_pic_1478235070566-17665541.jpg',0),(582,'0000000000516','','','','',0,1,1,'/static/item_img/20161104135338_item_image_pic_1478235194650560391398.jpg',0),(583,'0000000000517','','','','',0,1,1,'/static/item_img/20161104135545_item_image_pic_14782353225062011063700.jpg',0),(584,'0000000000518','','','','',0,1,1,'/static/item_img/20161104135648_item_image_pic_1478235382428210807533.jpg',0),(585,'0000000000519','','','','',0,1,1,'/static/item_img/20161104135811_item_image_pic_1478235465091412830773.jpg',0),(586,'0000000000520','','','','',0,1,1,'/static/item_img/20161104135927_item_image_pic_1478235544277-2136607019.jpg',0),(587,'0000000000521','','','','',0,1,1,'/static/item_img/20161104140213_item_image_pic_1478235628026-1579025122.jpg',0),(588,'0000000000522','一盒商品，2个杯子','','','',0,1,1,'/static/item_img/20161104140423_item_image_pic_14782357946081661384122.jpg',0),(589,'0000000000523','','','','',0,1,1,'/static/item_img/20161104140543_item_image_pic_1478235913166966980363.jpg',0),(590,'0000000000524','','','','',0,1,1,'/static/item_img/20161104140653_item_image_pic_1478235988075-358342425.jpg',0),(591,'0000000000525','','','','',0,1,1,'/static/item_img/20161104140803_item_image_pic_1478236059151-1786573622.jpg',0),(592,'0000000000526','','','','',0,1,1,'/static/item_img/20161104140923_item_image_pic_1478236130681642457221.jpg',0),(593,'0000000000527','','','','',0,1,1,'/static/item_img/20161104141131_item_image_pic_1478236200700240674829.jpg',0),(594,'0000000000528','','','','',0,1,1,'/static/item_img/20161104141324_item_image_pic_1478236339221-439837633.jpg',0),(595,'0000000000529','','','','',0,1,1,'/static/item_img/20161104141506_item_image_pic_14782364695799986374.jpg',0),(596,'0000000000530','','','','',0,1,1,'/static/item_img/20161104141608_item_image_pic_1478236538439-2087113979.jpg',0),(597,'0000000000531','','','','',0,1,1,'/static/item_img/20161104141717_item_image_pic_1478236596274-1929382778.jpg',0),(598,'0000000000532','黄耀民','','','',0,1,1,'/static/item_img/20161107142118_item_image_pic_1478496053628-441066814.jpg',0),(599,'0000000000533','黄耀民','','','',0,1,1,'/static/item_img/20161107142205_item_image_pic_1478496104566-1515835688.jpg',0),(600,'0000000000534','黄耀民','','','',0,1,1,'/static/item_img/20161107142313_item_image_pic_1478496173650-1264310416.jpg',0),(601,'0000000000535','黄耀民','','','',0,1,1,'/static/item_img/20161107142400_item_image_pic_1478496220696-727694634.jpg',0),(602,'0000000000536','Tw,aiamai','','','',0,1,1,'/static/item_img/20161107142550_item_image_pic_1478496289561-876430988.jpg',0),(603,'0000000000537','Tw,aiamai','','','',0,1,1,'/static/item_img/20161107142701_item_image_pic_1478496391513-1058552653.jpg',0),(604,'0000000000538','Tw,daisy','','','',0,1,1,'/static/item_img/20161107143152_item_image_pic_1478496648447-870097641.jpg',0),(605,'0000000000539','Tw,daisy','','','',0,1,1,'/static/item_img/20161107143359_item_image_pic_1478496803231-337245680.jpg',0),(606,'0000000000540','Tw,daisy','','','',0,1,1,'/static/item_img/20161107143539_item_image_pic_14784969003341342865231.jpg',0),(607,'0000000000541','Tw,daisy','','','',0,1,1,'/static/item_img/20161107143720_item_image_pic_1478496995569-1204985475.jpg',0),(608,'0000000000542','','','','',0,1,1,'/static/item_img/20161107153015_item_image_pic_14785001922791396459642.jpg',0),(609,'0000000000543','','','','',0,1,1,'/static/item_img/20161107153103_item_image_pic_1478500244776849004274.jpg',0),(610,'0000000000544','','','','',0,1,1,'/static/item_img/20161107153301_item_image_pic_1478500295597106455671.jpg',0),(611,'0000000000545','','','','',0,1,1,'/static/item_img/20161107153541_item_image_pic_14785004379111206310255.jpg',0),(612,'0000000000546','','','','',0,1,1,'/static/item_img/20161107153942_item_image_pic_1478500737764-9625307.jpg',0),(613,'0000000000547','','','','',0,1,1,'/static/item_img/20161107154158_item_image_pic_14785008147391915967266.jpg',0),(614,'0000000000548','','','','',0,1,1,'/static/item_img/20161107154327_item_image_pic_14785009808491342310434.jpg',0),(615,'0000000000549','','','','',0,1,1,'/static/item_img/20161107154439_item_image_pic_1478501058012-420368747.jpg',0),(616,'0000000000550','','','','',0,1,1,'/static/item_img/20161107154610_item_image_pic_14785011437341170093944.jpg',0),(617,'0000000000551','','','','',0,1,1,'/static/item_img/20161107154742_item_image_pic_14785012420041735124760.jpg',0),(618,'0000000000552','','','','',0,1,1,'/static/item_img/20161107154847_item_image_pic_1478501297779-1486510119.jpg',0),(619,'0000000000553','','','','',0,1,1,'/static/item_img/20161107161307_item_image_pic_1478502732844409758689.jpg',0),(620,'0000000000554','','','','',0,1,1,'/static/item_img/20161107161540_item_image_pic_1478502908375535638865.jpg',0),(621,'0000000000555','','','','',0,1,1,'/static/item_img/20161107161738_item_image_pic_1478503028621-488930122.jpg',0),(622,'0000000000556','','','','',0,1,1,'/static/item_img/20161107162056_item_image_pic_1478503233449910505374.jpg',0),(623,'0000000000557','','','','',0,1,1,'/static/item_img/20161107162205_item_image_pic_1478503292692818022432.jpg',0),(624,'0000000000558','','','','',0,1,1,'/static/item_img/20161107162301_item_image_pic_1478503355294777299852.jpg',0),(625,'0000000000559','','','','',0,1,1,'/static/item_img/20161107162406_item_image_pic_1478503421684-1127840136.jpg',0),(626,'0000000000560','','','','',0,1,1,'/static/item_img/20161107162503_item_image_pic_1478503473437-351991032.jpg',0),(627,'0000000000561','','','','',0,1,1,'/static/item_img/20161107162549_item_image_pic_1478503530415-763472309.jpg',0),(628,'0000000000562','','','','',0,1,1,'/static/item_img/20161108150155_item_image_pic_14785848580931026054585.jpg',0),(629,'0000000000563','','','','',0,1,1,'/static/item_img/20161108150259_item_image_pic_1478584952109181164322.jpg',0),(630,'0000000000564','','','','',0,1,1,'/static/item_img/20161108150351_item_image_pic_14785850058821758486056.jpg',0),(631,'0000000000565','','','','',0,1,1,'/static/item_img/20161108150441_item_image_pic_14785850647881273796817.jpg',0),(632,'0000000000566','','','','',0,1,1,'/static/item_img/20161108150529_item_image_pic_14785851160241674604508.jpg',0),(633,'0000000000567','','','','',0,1,1,'/static/item_img/20161108150658_item_image_pic_14785851995271299299273.jpg',0),(634,'0000000000568','','','','',0,1,1,'/static/item_img/20161108150749_item_image_pic_1478585249442344344987.jpg',0),(635,'0000000000569','','','','',0,1,1,'/static/item_img/20161108150831_item_image_pic_1478585300183-1833265309.jpg',0),(636,'0000000000570','','','','',0,1,1,'/static/item_img/20161108150912_item_image_pic_14785853407811025946418.jpg',0),(637,'0000000000571','','','','',0,1,1,'/static/item_img/20161108151029_item_image_pic_1478585392548-545460796.jpg',0),(638,'0000000000572','','','','',0,1,1,'/static/item_img/20161108151120_item_image_pic_14785854678561820496169.jpg',0),(639,'0000000000573','','','','',0,1,1,'/static/item_img/20161108151204_item_image_pic_147858550792684731259.jpg',0),(640,'0000000000574','','','','',0,1,1,'/static/item_img/20161108151328_item_image_pic_14785855628151437819931.jpg',0),(641,'0000000000575','','','','',0,1,1,'/static/item_img/20161108151437_item_image_pic_1478585649719-186274113.jpg',0),(642,'0000000000576','','','','',0,1,1,'/static/item_img/20161108151545_item_image_pic_14785857081172003884815.jpg',0),(643,'0000000000577','','','','',0,1,1,'/static/item_img/20161108151706_item_image_pic_1478585801972-6989451.jpg',0),(644,'0000000000578','','','','',0,1,1,'/static/item_img/20161108151813_item_image_pic_1478585859149-2116186480.jpg',0),(645,'0000000000579','','','','',0,1,1,'/static/item_img/20161108151939_item_image_pic_14785859427311008731285.jpg',0),(646,'0000000000580','','','','',0,1,1,'/static/item_img/20161108152102_item_image_pic_1478586012446959075917.jpg',0),(647,'0000000000581','','','','',0,1,1,'/static/item_img/20161108152156_item_image_pic_1478586095429414471868.jpg',0),(648,'0000000000582','','','','',0,1,1,'/static/item_img/20161108152259_item_image_pic_14785861534832074673546.jpg',0),(649,'0000000000583','','','','',0,1,1,'/static/item_img/20161108152351_item_image_pic_14785862131972087872735.jpg',0),(650,'0000000000584','','','','',0,1,1,'/static/item_img/20161108152450_item_image_pic_1478586264152-422962515.jpg',0),(651,'0000000000585','','','','',0,1,1,'/static/item_img/20161108152529_item_image_pic_1478586317531-1759950977.jpg',0),(652,'0000000000586','','','','',0,1,1,'/static/item_img/20161114144039_item_image_pic_1479101996973-1332344927.jpg',0),(653,'0000000000587','','','','',0,1,1,'/static/item_img/20161114144203_item_image_pic_1479102096281-846377629.jpg',0),(654,'0000000000588','','','','',0,1,1,'/static/item_img/20161114144704_item_image_pic_1479102402350402441553.jpg',0),(655,'0000000000589','','','','',0,1,1,'/static/item_img/20161114144802_item_image_pic_14791024574081869162417.jpg',0),(656,'0000000000590','','','','',0,1,1,'/static/item_img/20161114145630_item_image_pic_1479102930259-1836045393.jpg',0),(657,'0000000000591','','','','',0,1,1,'/static/item_img/20161114145805_item_image_pic_14791030461271343193546.jpg',0),(658,'0000000000592','','','','',0,1,1,'/static/item_img/20161114145935_item_image_pic_1479103155304-2030849370.jpg',0),(659,'0000000000593','','','','',0,1,1,'/static/item_img/20161114150311_item_image_pic_1479103370802-255960324.jpg',0),(660,'0000000000594','','','','',0,1,1,'/static/item_img/20161114150408_item_image_pic_1479103420605-391239965.jpg',0),(661,'0000000000595','','','','',0,1,1,'/static/item_img/20161114150500_item_image_pic_1479103482890-937743364.jpg',0),(662,'0000000000596','','','','',0,1,1,'/static/item_img/20161114150541_item_image_pic_1479103524650-220648576.jpg',0),(663,'0000000000597','','','','',0,1,1,'/static/item_img/20161114151306_item_image_pic_1479103933875-883837661.jpg',0),(664,'0000000000598','','','','',0,1,1,'/static/item_img/20161114152223_item_image_pic_1479104511430-1771427818.jpg',0),(665,'0000000000599','','','','',0,1,1,'/static/item_img/20161114152401_item_image_pic_14791046197471313937410.jpg',0),(666,'0000000000600','','','','',0,1,1,'/static/item_img/20161114152451_item_image_pic_14791046721341761899663.jpg',0),(667,'0000000000601','','','','',0,1,1,'/static/item_img/20161114154453_item_image_pic_1479105806865793171322.jpg',0),(668,'0000000000602','','','','',0,1,1,'/static/item_img/20161114154600_item_image_pic_1479105929617668972655.jpg',0),(669,'0000000000603','','','','',0,1,1,'/static/item_img/20161114154700_item_image_pic_1479105984733-984981756.jpg',0),(670,'0000000000604','','','','',0,1,1,'/static/item_img/20161114154825_item_image_pic_1479106062960-1086001289.jpg',0),(671,'0000000000605','Niku,在台湾2#箱','','','',0,1,1,'/static/item_img/20161114155211_item_image_pic_14791061758931385439442.jpg',0),(672,'0000000000606','Niku,在台湾2#箱','','','',0,1,1,'/static/item_img/20161114155312_item_image_pic_1479106361331-1406680127.jpg',0),(673,'0000000000607','Niku,在台湾2#箱','','','',0,1,1,'/static/item_img/20161114155424_item_image_pic_1479106434297931271646.jpg',0),(674,'0000000000608','','','','',0,1,1,'/static/item_img/20161114164107_item_image_pic_1479109238968-237138477.jpg',0),(675,'0000000000609','','','','',0,1,1,'/static/item_img/20161114164504_item_image_pic_1479109347996-568831438.jpg',0),(676,'0000000000610','','','','',0,1,1,'/static/item_img/20161114164944_item_image_pic_147910963459491816241.jpg',0),(677,'0000000000611','','','','',0,1,1,'/static/item_img/20161114170444_item_image_pic_14791106461881079289068.jpg',0),(678,'0000000000612','','','','',0,1,1,'/static/item_img/20161114170603_item_image_pic_14791107360551368780924.jpg',0),(679,'0000000000613','','','','',0,1,1,'/static/item_img/20161114172220_item_image_pic_147911171642148650780.jpg',0),(680,'0000000000614','','','','',0,1,1,'/static/item_img/20161114175019_item_image_pic_1479113199813649266984.jpg',0),(681,'0000000000615','','','','',0,1,1,'/static/item_img/20161114175542_item_image_pic_1479113692743-383273206.jpg',0),(682,'0000000000616','','','','',0,1,1,'/static/item_img/20161114175752_item_image_pic_1479113768982751598871.jpg',0),(683,'0000000000617','','','','',0,1,1,'/static/item_img/20161114175856_item_image_pic_1479113912959-523257545.jpg',0),(684,'0000000000618','','','','',0,1,1,'/static/item_img/20161114180557_item_image_pic_1479113969831-747307401.jpg',0),(685,'0000000000619','','','','',0,1,1,'/static/item_img/20161114180700_item_image_pic_1479114392330-793590886.jpg',0),(686,'0000000000620','','','','',0,1,1,'/static/item_img/20161114180807_item_image_pic_14791144601041622142844.jpg',0),(687,'0000000000621','','','','',0,1,1,'/static/item_img/20161114180902_item_image_pic_14791145182201203207159.jpg',0),(688,'0000000000622','','','','',0,1,1,'/static/item_img/20161114181025_item_image_pic_1479114588024806819647.jpg',0),(689,'0000000000623','','','','',0,1,1,'/static/item_img/20161114181136_item_image_pic_1479114658434-1622444335.jpg',0),(690,'0000000000624','','','','',0,1,1,'/static/item_img/20161114181746_item_image_pic_1479114993698997151184.jpg',0),(691,'0000000000625','','','','',0,1,1,'/static/item_img/20161114181859_item_image_pic_1479115116359-1083099086.jpg',0),(692,'0000000000626','','','','',0,1,1,'/static/item_img/20161114181943_item_image_pic_1479115161911-1570364100.jpg',0),(693,'0000000000627','','','','',0,1,1,'/static/item_img/20161114182115_item_image_pic_1479115215310-362665951.jpg',0),(694,'0000000000628','','','','',0,1,1,'/static/item_img/20161114182236_item_image_pic_14791153299301976717924.jpg',0),(695,'0000000000629','','','','',0,1,1,'/static/item_img/20161114182331_item_image_pic_1479115386401-456869883.jpg',0),(696,'0000000000630','','','','',0,1,1,'/static/item_img/20161114182416_item_image_pic_14791154384811063476116.jpg',0),(697,'0000000000631','','','','',0,1,1,'/static/item_img/20161114182510_item_image_pic_14791154796601760779850.jpg',0),(698,'0000000000632','','','','',0,1,1,'/static/item_img/20161114182619_item_image_pic_14791155506432035146295.jpg',0),(699,'0000000000633','','','','',0,1,1,'/static/item_img/20161114182717_item_image_pic_1479115606896-1142272008.jpg',0),(700,'0000000000634','','','','',0,1,1,'/static/item_img/20161114182820_item_image_pic_14791156702451097108516.jpg',0),(701,'0000000000635','','','','',0,1,1,'/static/item_img/20161114182913_item_image_pic_1479115727747-716662684.jpg',0),(702,'0000000000636','','','','',0,1,1,'/static/item_img/20161114183021_item_image_pic_1479115799195-655101088.jpg',0),(703,'0000000000637','','','','',0,1,1,'/static/item_img/20161114183141_item_image_pic_1479115876908642485292.jpg',0),(704,'0000000000638','','','','',0,1,1,'/static/item_img/20161114183222_item_image_pic_1479115921707-1393994342.jpg',0),(705,'0000000000639','','','','',0,1,1,'/static/item_img/20161114183316_item_image_pic_1479115978772-454372133.jpg',0),(706,'0000000000640','','','','',0,1,1,'/static/item_img/20161114183401_item_image_pic_1479116025017176728836.jpg',0),(707,'0000000000641','','','','',0,1,1,'/static/item_img/20161114183456_item_image_pic_14791160673461798263801.jpg',0),(708,'0000000000642','','','','',0,1,1,'/static/item_img/20161114183549_item_image_pic_1479116118253512336121.jpg',0),(709,'0000000000643','','','','',0,1,1,'/static/item_img/20161115134021_item_image_pic_1479184789431517466414.jpg',0),(710,'0000000000644','','','','',0,1,1,'/static/item_img/20161115134108_item_image_pic_14791848494401174552013.jpg',0),(711,'0000000000645','','','','',0,1,1,'/static/item_img/20161115134153_item_image_pic_1479184893645-367896946.jpg',0),(712,'0000000000646','','','','',0,1,1,'/static/item_img/20161115134241_item_image_pic_1479184943578-1065494409.jpg',0),(713,'0000000000647','','','','',0,1,1,'/static/item_img/20161115134339_item_image_pic_14791849973671726179078.jpg',0),(714,'0000000000648','','','','',0,1,1,'/static/item_img/20161115134427_item_image_pic_1479185044176-1427188110.jpg',0),(715,'0000000000649','','','','',0,1,1,'/static/item_img/20161115134523_item_image_pic_1479185105001367321146.jpg',0),(716,'0000000000650','','','','',0,1,1,'/static/item_img/20161115134610_item_image_pic_1479185149605924789706.jpg',0),(717,'0000000000651','','','','',0,1,1,'/static/item_img/20161115134709_item_image_pic_14791852069632028396428.jpg',0),(718,'0000000000652','','','','',0,1,1,'/static/item_img/20161115134801_item_image_pic_14791852610271073243369.jpg',0),(719,'0000000000653','','','','',0,1,1,'/static/item_img/20161115134849_item_image_pic_14791853071621403028363.jpg',0),(720,'0000000000654','','','','',0,1,1,'/static/item_img/20161115134937_item_image_pic_14791853588691652990338.jpg',0),(721,'0000000000655','黄，粉，蓝，绿','','','',0,1,1,'/static/item_img/20161115135145_item_image_pic_14791854180281091538358.jpg',0),(722,'0000000000656','','','','',0,1,1,'/static/item_img/20161115135237_item_image_pic_1479185532331-195371745.jpg',0),(723,'0000000000657','','','','',0,1,1,'/static/item_img/20161115135331_item_image_pic_14791855885521630504042.jpg',0),(724,'0000000000658','','','','',0,1,1,'/static/item_img/20161115135421_item_image_pic_1479185637886745276772.jpg',0),(725,'0000000000659','','','','',0,1,1,'/static/item_img/20161115135526_item_image_pic_14791856963982138428922.jpg',0),(726,'0000000000660','','','','',0,1,1,'/static/item_img/20161115135625_item_image_pic_1479185757261-765198711.jpg',0),(727,'0000000000661','','','','',0,1,1,'/static/item_img/20161115135709_item_image_pic_1479185806995-1996015296.jpg',0),(728,'0000000000662','','','','',0,1,1,'/static/item_img/20161115135807_item_image_pic_14791858650261792995479.jpg',0),(729,'0000000000663','Da20,da28,da29,da13,da34,','','','',0,1,1,'/static/item_img/20161115140213_item_image_pic_14791859816821110299940.jpg',0),(730,'0000000000664','','','','',0,1,1,'/static/item_img/20161115140323_item_image_pic_14791861769841547869288.jpg',0),(731,'0000000000665','','','','',0,1,1,'/static/item_img/20161115140421_item_image_pic_1479186236039-133765136.jpg',0),(732,'0000000000666','','','','',0,1,1,'/static/item_img/20161115140545_item_image_pic_1479186319165-207743609.jpg',0),(733,'0000000000667','','','','',0,1,1,'/static/item_img/20161115140646_item_image_pic_14791863828091037142122.jpg',0),(734,'0000000000668','','','','',0,1,1,'/static/item_img/20161115140744_item_image_pic_1479186443270-1454660017.jpg',0),(735,'0000000000669','','','','',0,1,1,'/static/item_img/20161115140841_item_image_pic_1479186492118-1959592441.jpg',0),(736,'0000000000670','','','','',0,1,1,'/static/item_img/20161115140944_item_image_pic_14791865646031362945547.jpg',0),(737,'0000000000671','','','','',0,1,1,NULL,0),(738,'0000000000672','','','','',0,1,1,'/static/item_img/20161115141133_item_image_pic_1479186667325586998461.jpg',0),(739,'0000000000673','','','','',0,1,1,'/static/item_img/20161115141223_item_image_pic_1479186723745-932662046.jpg',0),(740,'0000000000674','','','','',0,1,1,'/static/item_img/20161115141324_item_image_pic_1479186772577-940632014.jpg',0),(741,'0000000000675','','','','',0,1,1,'/static/item_img/20161115141414_item_image_pic_1479186828739226162633.jpg',0),(742,'0000000000676','','','','',0,1,1,'/static/item_img/20161115141505_item_image_pic_1479186884679233136993.jpg',0),(743,'0000000000677','','','','',0,1,1,'/static/item_img/20161115141601_item_image_pic_1479186937679-1654907169.jpg',0),(744,'0000000000678','','','','',0,1,1,'/static/item_img/20161115141657_item_image_pic_1479186993426344755439.jpg',0),(745,'0000000000679','黄，粉，，绿','','','',0,1,1,'/static/item_img/20161115141828_item_image_pic_1479187057468-863843623.jpg',0),(746,'0000000000680','','','','',0,1,1,'/static/item_img/20161115141922_item_image_pic_1479187137821-574881345.jpg',0),(747,'0000000000681','','','','',0,1,1,'/static/item_img/20161115142018_item_image_pic_14791871925131321392738.jpg',0),(748,'0000000000682','','','','',0,1,1,'/static/item_img/20161115142107_item_image_pic_1479187248824-500535673.jpg',0),(749,'0000000000683','','','','',0,1,1,'/static/item_img/20161115142214_item_image_pic_1479187308586-939796824.jpg',0),(750,'0000000000684','','','','',0,1,1,'/static/item_img/20161115142331_item_image_pic_14791873890691830912633.jpg',0),(751,'0000000000685','','','','',0,1,1,'/static/item_img/20161115142423_item_image_pic_1479187440086-1703104924.jpg',0),(752,'0000000000686','','','','',0,1,1,'/static/item_img/20161115142521_item_image_pic_14791874916871463760955.jpg',0),(753,'0000000000687','','','','',0,1,1,'/static/item_img/20161115142618_item_image_pic_1479187552022-516554466.jpg',0),(754,'0000000000688','','','','',0,1,1,'/static/item_img/20161115142722_item_image_pic_14791876168221759676863.jpg',0),(755,'0000000000689','','','','',0,1,1,'/static/item_img/20161115142909_item_image_pic_1479187677150-106465148.jpg',0),(756,'0000000000690','','','','',0,1,1,'/static/item_img/20161115143202_item_image_pic_1479187814728-1426875715.jpg',0),(757,'0000000000691','','','','',0,1,1,'/static/item_img/20161115151750_item_image_pic_1479190615380762504195.jpg',0),(758,'0000000000692','','','','',0,1,1,'/static/item_img/20161115151849_item_image_pic_1479190697369-1884160288.jpg',0),(759,'0000000000693','','','','',0,1,1,'/static/item_img/20161115151958_item_image_pic_14791907679891558350602.jpg',0),(760,'0000000000694','','','','',0,1,1,'/static/item_img/20161115152055_item_image_pic_1479190823207-134669343.jpg',0),(761,'0000000000695','','','','',0,1,1,'/static/item_img/20161115152148_item_image_pic_1479190881801-525106018.jpg',0),(762,'0000000000696','','','','',0,1,1,'/static/item_img/20161115152244_item_image_pic_147919093512232347428.jpg',0),(763,'0000000000697','','','','',0,1,1,'/static/item_img/20161115152335_item_image_pic_1479190987366-1319409880.jpg',0),(764,'0000000000698','','','','',0,1,1,'/static/item_img/20161115152416_item_image_pic_147919103885516678292.jpg',0),(765,'0000000000699','','','','',0,1,1,'/static/item_img/20161115152539_item_image_pic_1479191116656146235807.jpg',0),(766,'0000000000700','','','','',0,1,1,'/static/item_img/20161115152624_item_image_pic_1479191166152-1931375144.jpg',0),(767,'0000000000701','','','','',0,1,1,'/static/item_img/20161115152715_item_image_pic_1479191209466259348354.jpg',0),(768,'0000000000702','','','','',0,1,1,'/static/item_img/20161115152809_item_image_pic_1479191261592-1936777204.jpg',0),(769,'0000000000703','','','','',0,1,1,'/static/item_img/20161115152856_item_image_pic_1479191315630-45876418.jpg',0),(770,'0000000000704','','','','',0,1,1,'/static/item_img/20161115153019_item_image_pic_14791913857041992165289.jpg',0),(771,'0000000000705','','','','',0,1,1,'/static/item_img/20161115153103_item_image_pic_1479191445657-252596497.jpg',0),(772,'0000000000706','','','','',0,1,1,'/static/item_img/20161115153146_item_image_pic_14791914857881900663617.jpg',0),(773,'0000000000707','','','','',0,1,1,'/static/item_img/20161115153237_item_image_pic_1479191539644-2103821917.jpg',0),(774,'0000000000708','','','','',0,1,1,'/static/item_img/20161115153339_item_image_pic_1479191589516-1061064907.jpg',0),(775,'0000000000709','','','','',0,1,1,'/static/item_img/20161115153445_item_image_pic_1479191649843-1634291839.jpg',0),(776,'0000000000710','','','','',0,1,1,'/static/item_img/20161115153530_item_image_pic_1479191710981-1456551013.jpg',0),(777,'0000000000711','','','','',0,1,1,'/static/item_img/20161115153621_item_image_pic_1479191756928-1183754872.jpg',0),(778,'0000000000712','','','','',0,1,1,'/static/item_img/20161115153658_item_image_pic_14791918031851900078303.jpg',0),(779,'0000000000713','','','','',0,1,1,'/static/item_img/20161115153744_item_image_pic_1479191843275-122724926.jpg',0),(780,'0000000000714','','','','',0,1,1,'/static/item_img/20161115154026_item_image_pic_14791919336561116450284.jpg',0),(781,'0000000000715','一包10个','','','',0,1,1,'/static/item_img/20161115154321_item_image_pic_14791920841171663379228.jpg',0),(782,'0000000000716','','','','',0,1,1,'/static/item_img/20161115154535_item_image_pic_1479192257605-1469010974.jpg',0),(783,'0000000000717','','','','',0,1,1,'/static/item_img/20161115161637_item_image_pic_1479194151929591396650.jpg',0),(784,'0000000000718','','','','',0,1,1,'/static/item_img/20161117133113_item_image_pic_1479357005035-1476634364.jpg',0),(785,'0000000000719','','','','',0,1,1,'/static/item_img/20161117133314_item_image_pic_1479357119178578800077.jpg',0),(786,'0000000000720','','','','',0,1,1,'/static/item_img/20161117133453_item_image_pic_1479357252461-51330605.jpg',0),(787,'0000000000721','','','','',0,1,1,'/static/item_img/20161117133603_item_image_pic_1479357327770996269417.jpg',0),(788,'0000000000722','','','','',0,1,1,'/static/item_img/20161117133752_item_image_pic_14793574306241852930440.jpg',0),(789,'0000000000723','','','','',0,1,1,'/static/item_img/20161117133914_item_image_pic_14793575232511260373967.jpg',0),(790,'0000000000724','蓝盒，粉盒，绿盒，','','','',0,1,1,'/static/item_img/20161117134154_item_image_pic_1479357633923-1306394478.jpg',0),(791,'0000000000725','','','','',0,1,1,'/static/item_img/20161117134311_item_image_pic_1479357743530-1055331501.jpg',0),(792,'0000000000726','9个蓝的，一个黑的','','','',0,1,1,'/static/item_img/20161117134531_item_image_pic_1479357847992496128193.jpg',0),(793,'0000000000727','花的2个，马的2个，天鹅的1个，花瓣的1个','','','',0,1,1,'/static/item_img/20161117134941_item_image_pic_14793580270251571361318.jpg',0),(794,'0000000000728','','','','',0,1,1,'/static/item_img/20161117135055_item_image_pic_1479358222673885483988.jpg',0),(795,'0000000000729','','','','',0,1,1,'/static/item_img/20161117135228_item_image_pic_1479358313353-776154815.jpg',0),(796,'0000000000730','','','','',0,1,1,'/static/item_img/20161117135400_item_image_pic_1479358395773672568482.jpg',0),(797,'0000000000731','','','','',0,1,1,'/static/item_img/20161117135640_item_image_pic_1479358482397-1749606291.jpg',0),(798,'0000000000732','','','','',0,1,1,'/static/item_img/20161117135808_item_image_pic_1479358656029-1016101629.jpg',0),(799,'0000000000733','黄的6个绿的6个','','','',0,1,1,'/static/item_img/20161117140057_item_image_pic_14793587559691821978751.jpg',0),(800,'0000000000734','','','','',0,1,1,'/static/item_img/20161117140156_item_image_pic_14793588969531966301924.jpg',0),(801,'0000000000735','','','','',0,1,1,'/static/item_img/20161117140240_item_image_pic_1479358940521262374404.jpg',0),(802,'0000000000736','','','','',0,1,1,'/static/item_img/20161117140337_item_image_pic_147935899323337633321.jpg',0),(803,'0000000000737','','','','',0,1,1,'/static/item_img/20161117140435_item_image_pic_1479359050760-701768724.jpg',0),(804,'0000000000738','','','','',0,1,1,'/static/item_img/20161117140603_item_image_pic_1479359117364-568324789.jpg',0),(805,'0000000000739','','','','',0,1,1,'/static/item_img/20161117140721_item_image_pic_1479359200484-1136264961.jpg',0),(806,'0000000000740','','','','',0,1,1,'/static/item_img/20161117141110_item_image_pic_1479359288860266293461.jpg',0),(807,'0000000000741','','','','',0,1,1,'/static/item_img/20161117153850_item_image_pic_1479364681867840258578.jpg',0),(808,'0000000000742','','','','',0,1,1,'/static/item_img/20161117153928_item_image_pic_1479364753379-2090539475.jpg',0),(809,'0000000000743','','','','',0,1,1,'/static/item_img/20161117154046_item_image_pic_1479364818797-1796205984.jpg',0),(810,'0000000000744','','','','',0,1,1,'/static/item_img/20161117154138_item_image_pic_1479364882450408247365.jpg',0),(811,'0000000000745','','','','',0,1,1,'/static/item_img/20161117154248_item_image_pic_1479364922358-1718849417.jpg',0),(812,'0000000000746','','','','',0,1,1,'/static/item_img/20161117154334_item_image_pic_1479364995580934007092.jpg',0),(813,'0000000000747','','','','',0,1,1,'/static/item_img/20161117154419_item_image_pic_1479365042401-621087351.jpg',0),(814,'0000000000748','','','','',0,1,1,'/static/item_img/20161117154511_item_image_pic_14793650919871672274369.jpg',0),(815,'0000000000749','','','','',0,1,1,'/static/item_img/20161117154602_item_image_pic_1479365147671-1420637646.jpg',0),(816,'0000000000750','','','','',0,1,1,'/static/item_img/20161117154644_item_image_pic_1479365186838-83714974.jpg',0),(817,'0000000000751','','','','',0,1,1,'/static/item_img/20161117154737_item_image_pic_1479365233854-1196369685.jpg',0),(818,'0000000000752','','','','',0,1,1,'/static/item_img/20161117154828_item_image_pic_1479365287777-1389562812.jpg',0),(819,'0000000000753','','','','',0,1,1,'/static/item_img/20161117154921_item_image_pic_1479365342799-336806976.jpg',0),(820,'0000000000754','','','','',0,1,1,'/static/item_img/20161117155000_item_image_pic_1479365384472-235182763.jpg',0),(821,'0000000000755','','','','',0,1,1,'/static/item_img/20161117155042_item_image_pic_1479365425267-406636029.jpg',0),(822,'0000000000756','','','','',0,1,1,'/static/item_img/20161117155149_item_image_pic_1479365486532-1927976862.jpg',0),(823,'0000000000757','','','','',0,1,1,'/static/item_img/20161117155249_item_image_pic_14793655436281975061016.jpg',0),(824,'0000000000758','','','','',0,1,1,'/static/item_img/20161117155442_item_image_pic_14793656206171327103623.jpg',0),(825,'0000000000759','daisy,','','面','',0,1,1,'/static/item_img/20161128172133_item_image_pic_1480321225174-1297250768.jpg',0),(826,'0000000000760','Tw,niku','','鞋','',0,1,1,NULL,0),(827,'0000000000761','Tw,aiamai','','刷子','',0,1,1,'/static/item_img/20161128172731_item_image_pic_1480321577338-1629568984.jpg',0),(828,'0000000000762','','','盘子','',4000,1,1,'/static/item_img/20161130133433_item_image_pic_1480480365993-1404913305.jpg',0),(829,'0000000000763','','','','',0,1,1,'/static/item_img/20161130133531_item_image_pic_1480480503572-27951307.jpg',0),(830,'0000000000764','','','','',0,1,1,'/static/item_img/20161130133639_item_image_pic_14804805636231584910838.jpg',0),(831,'0000000000765','','','櫻花飯盒','JU-185',3000,2,1,NULL,0),(832,'0000000000766','','','櫻花鍋','4903779090417,17',2689,1,1,NULL,0),(833,'0000000000767','','','','JU-114 ',3000,2,1,NULL,0),(834,'0000000000768','','','','4903779090417',0,2,1,NULL,0),(835,'0000000000769','','','','4903779090394',0,2,1,NULL,0),(836,'0000000000770','','','','4903779090417',0,2,1,NULL,0),(837,'0000000000771','','','','',0,1,1,NULL,0),(838,'0000000000772','','','','4903779090394',0,2,1,NULL,0),(839,'0000000000773','','','','	4903779090363',0,1,1,NULL,0);
/*!40000 ALTER TABLE `mst_item` ENABLE KEYS */;
UNLOCK TABLES;

--
-- Table structure for table `mst_made_in`
--

DROP TABLE IF EXISTS `mst_made_in`;
/*!40101 SET @saved_cs_client     = @@character_set_client */;
/*!40101 SET character_set_client = utf8 */;
CREATE TABLE `mst_made_in` (
  `id` int(11) NOT NULL AUTO_INCREMENT,
  `made_in_country` varchar(20) NOT NULL,
  `delete_flag` tinyint(1) DEFAULT '0',
  PRIMARY KEY (`id`)
) ENGINE=InnoDB AUTO_INCREMENT=7 DEFAULT CHARSET=utf8;
/*!40101 SET character_set_client = @saved_cs_client */;

--
-- Dumping data for table `mst_made_in`
--

LOCK TABLES `mst_made_in` WRITE;
/*!40000 ALTER TABLE `mst_made_in` DISABLE KEYS */;
INSERT INTO `mst_made_in` VALUES (1,'中国',0),(2,'日本',0),(3,'法国',0),(4,'泰国',0),(5,'印度尼西亚',0),(6,'韩国',0);
/*!40000 ALTER TABLE `mst_made_in` ENABLE KEYS */;
UNLOCK TABLES;

--
-- Table structure for table `mst_out_box`
--

DROP TABLE IF EXISTS `mst_out_box`;
/*!40101 SET @saved_cs_client     = @@character_set_client */;
/*!40101 SET character_set_client = utf8 */;
CREATE TABLE `mst_out_box` (
  `id` int(11) NOT NULL AUTO_INCREMENT,
  `import_time` timestamp NOT NULL DEFAULT CURRENT_TIMESTAMP,
  `name` varchar(20) NOT NULL,
  `memo` text,
  `length` int(5) NOT NULL DEFAULT '0',
  `width` int(5) NOT NULL DEFAULT '0',
  `height` int(5) NOT NULL DEFAULT '0',
  `weight` double NOT NULL DEFAULT '0',
  `staff_id` int(11) NOT NULL DEFAULT '0',
  `customer_id` int(11) DEFAULT '0',
  `status` tinyint(1) NOT NULL DEFAULT '0',
  `delivery_no` varchar(30) DEFAULT NULL,
  `delete_flag` tinyint(1) DEFAULT '0',
  `update_at` timestamp NOT NULL DEFAULT '0000-00-00 00:00:00',
  `update_by` int(11) NOT NULL DEFAULT '0',
  PRIMARY KEY (`id`)
) ENGINE=InnoDB AUTO_INCREMENT=148 DEFAULT CHARSET=utf8;
/*!40101 SET character_set_client = @saved_cs_client */;

--
-- Dumping data for table `mst_out_box`
--

LOCK TABLES `mst_out_box` WRITE;
/*!40000 ALTER TABLE `mst_out_box` DISABLE KEYS */;
INSERT INTO `mst_out_box` VALUES (1,'2016-05-02 11:49:07','出箱1','test',50,60,78,55,5,1,2,NULL,1,'2016-04-20 10:01:59',0),(2,'2016-05-02 11:49:07','出箱2','test2',88,77,66,22,5,1,0,NULL,1,'2016-04-20 10:02:31',0),(3,'2016-05-02 11:49:07','test出库','出库管理',24,24,12,100,5,8,0,NULL,1,'2016-04-26 08:05:45',0),(4,'2016-05-02 11:49:07','kkkkkkkk','kkkkkkkk',40,30,20,53,5,2,0,NULL,1,'2016-05-02 07:42:15',5),(5,'2016-05-02 11:49:07','kkkk','kkkkk',10,20,30,50,5,14,0,NULL,1,'2016-05-02 07:55:56',5),(6,'2016-05-02 11:49:07','asd','asd',55,55,55,55,4,9,1,NULL,1,'2016-05-02 07:56:21',5),(7,'2016-05-02 11:49:07','nana','nana',15,20,10,10,12,17,0,NULL,1,'2016-05-02 09:01:50',12),(8,'2016-05-06 03:17:25','出庫1','',26,26,26,10,14,19,1,NULL,1,'2016-05-06 03:17:25',14),(9,'2016-05-06 04:20:47','Chu1','',12,12,12,50,14,20,0,NULL,1,'2016-05-06 04:20:47',14),(10,'2016-05-09 01:56:09','chuku1','333',34,34,34,45,12,21,1,NULL,1,'2016-05-09 01:56:09',12),(11,'2016-05-11 01:56:37','maggielee','',0,0,0,5,14,28,1,NULL,1,'2016-05-11 01:56:37',14),(12,'2016-05-12 04:18:55','TW.DAISY','1#數字測量杯/12個',52,36,50,9,14,22,1,NULL,1,'2016-05-12 04:18:55',14),(13,'2016-05-12 06:21:48','TW.DAISY','1#數字測量杯/12個',35,36,50,9,14,22,1,NULL,1,'2016-05-12 06:21:48',14),(14,'2016-05-13 01:20:37','出庫1','',26,26,26,10,14,29,1,NULL,1,'2016-05-13 01:20:37',14),(15,'2016-05-16 06:49:20','TW.KHM和TW.LINYULING','1#  KHM 鐵鍋/35個、LINYULING鞋/2雙',53,52,45,43,14,23,0,NULL,1,'2016-05-16 06:49:20',14),(16,'2016-05-16 07:15:38','TW.KHM 1# 標籤746KN252','KHM鐵鍋/35  TW.LINYULING鞋/2雙',53,52,45,43,14,23,0,NULL,1,'2016-05-16 07:15:38',14),(17,'2016-05-16 07:55:51','TW.KHM 1#','鐵鍋/10個',44,38,20,11.3,14,23,0,NULL,1,'2016-05-16 07:55:51',14),(18,'2016-05-16 08:06:44','TW.KHM 1#','鐵鍋10',53,52,45,43,14,23,0,NULL,1,'2016-05-16 08:06:44',14),(19,'2016-05-17 07:22:20','出庫1','',52,52,31,9,14,22,0,NULL,1,'2016-05-17 07:22:20',14),(20,'2016-05-20 01:52:41','TW.KHM3','',0,0,0,0,14,23,1,NULL,1,'0000-00-00 00:00:00',0),(21,'2016-05-20 01:53:55','TW.KHM3','',0,0,0,0,14,23,1,NULL,1,'0000-00-00 00:00:00',0),(22,'2016-05-20 01:56:46','出庫1 馬先生','鐵鍋4個',52,35,45,10,14,29,1,NULL,1,'2016-05-20 01:56:46',14),(23,'2016-05-20 02:20:21','出庫1','',0,0,0,0,14,29,1,NULL,1,'2016-05-20 02:20:21',14),(24,'2016-05-20 02:29:57','出庫1','2# 數字測量杯/12個',26,20,20,9,14,29,1,NULL,1,'2016-05-20 02:29:57',14),(25,'2016-05-23 01:39:58','出庫1#TW.DAISY','746KN258',53,52,34,14,14,22,1,NULL,0,'2016-05-23 01:39:58',14),(26,'2016-05-23 02:33:09','测试用出库箱','测试用出库箱',0,0,0,0,4,34,1,NULL,1,'2016-05-23 02:33:09',4),(27,'2016-05-23 02:36:18','出庫1# HK.Maggie Lee','小風扇/39個，涼鞋/20雙，驅蟲藥/5個',51,39,37,12,14,28,1,NULL,0,'2016-05-23 02:36:18',14),(28,'2016-05-23 03:18:53','测试用','',0,0,0,0,4,35,0,NULL,1,'2016-05-23 03:18:53',4),(29,'2016-05-23 05:06:53','出庫2#TW.JUJUS','746KN259',54,40,31,13,14,33,1,NULL,0,'2016-05-23 05:06:53',14),(30,'2016-05-23 05:53:42','出庫3 TW.KHM','746KN260',53,53,34,24,14,23,1,NULL,0,'2016-05-23 05:53:42',14),(31,'2016-05-30 04:38:06','出庫1  TW.DAISY','746KN261',52,51,59,33,14,22,1,NULL,0,'2016-05-30 04:38:06',14),(32,'2016-05-30 05:33:04','出庫2TW.KHM','746KN262',67,48,61,25,14,23,1,NULL,0,'2016-05-30 05:33:04',14),(33,'2016-06-02 02:54:09','TEST','',0,0,0,0,4,37,0,NULL,1,'2016-06-02 02:54:09',4),(34,'2016-06-06 03:08:29','出庫TW.NIKU/JUJUS 1#','',0,0,0,0,14,36,0,NULL,1,'2016-06-06 03:08:29',14),(35,'2016-06-06 06:36:42','出庫3#TW.TAMAMA88','746KN265',48,33,22,6,14,38,1,NULL,0,'2016-06-06 06:36:42',14),(36,'2016-06-07 04:56:55','HK出庫1# HK.MAGGIE0609','',66,48,39,22,14,28,1,NULL,0,'2016-06-07 04:56:55',14),(37,'2016-06-07 07:00:48','TEST','',0,0,0,0,4,39,0,NULL,1,'2016-06-07 07:00:48',4),(38,'2016-06-07 07:03:10','TEST2','',0,0,0,0,4,39,0,NULL,1,'2016-06-07 07:03:10',4),(39,'2016-06-07 07:04:59','chuku1','',0,0,0,0,4,39,0,NULL,1,'2016-06-07 07:04:59',4),(40,'2016-06-07 07:05:04','chuku2','',0,0,0,0,4,39,0,NULL,1,'2016-06-07 07:05:04',4),(41,'2016-06-13 04:17:17','出庫1#TW.JUJUS/TAMAMA/','746KN266',53,53,46,26,14,33,1,NULL,0,'2016-06-13 04:17:17',14),(42,'2016-06-14 01:17:08','出庫TW.TAMAMA88  1#','',0,0,0,0,14,38,1,NULL,1,'2016-06-14 01:17:08',14),(43,'2016-06-14 02:03:51','出庫TW.TAMAMA88  1#','746KN267',51,51,35,19,14,38,1,NULL,0,'2016-06-14 02:03:51',14),(44,'2016-06-27 05:32:03','','帽子48,桌子1个，衣服一个',50,46,62,8.5,15,28,1,NULL,0,'2016-06-27 05:32:03',15),(45,'2016-06-27 07:17:55','','',0,0,0,0,15,36,1,NULL,1,'2016-06-27 07:17:55',15),(46,'2016-06-27 07:21:55','tw，niku','鞋，6双',36,30,56,7,15,36,1,NULL,0,'2016-06-27 07:21:55',15),(47,'2016-06-27 07:22:27','tw，niku','鞋，6双',36,30,56,7,15,36,1,NULL,1,'2016-06-27 07:22:27',15),(48,'2016-06-28 04:43:08','TW.DAISY','制冰器10',0,0,0,0,15,22,1,NULL,1,'2016-06-28 04:43:08',15),(49,'2016-06-28 05:11:43','TW.DAISY','M',0,0,0,0,15,22,1,NULL,1,'2016-06-28 05:11:43',15),(50,'2016-06-28 05:37:33','','',49,37,39,12.25,15,22,1,NULL,1,'2016-06-28 05:37:33',15),(51,'2016-06-28 06:09:22','HK.Maggie Lee1#','',0,0,0,0,15,28,1,NULL,1,'2016-06-28 06:09:22',15),(52,'2016-06-29 02:56:51','20160629＃TAMAMA＃出庫１','746KN272',30,40,50,0,15,38,1,NULL,0,'2016-06-29 02:56:51',15),(53,'2016-07-04 05:46:30','2016年7月4日maglelee出','',0,0,0,0,15,28,1,NULL,0,'2016-07-04 05:46:30',15),(54,'2016-07-12 06:47:59','  Tw,32411','2016年7月13日，大箱里的其一',43,30,17,3,15,24,1,NULL,0,'2016-07-12 06:47:59',15),(55,'2016-07-12 07:10:01','    Tw,niku','2016年7月13日箱一其二',35,14,11,1,15,36,1,NULL,0,'2016-07-12 07:10:01',15),(56,'2016-07-12 07:10:11','    Tw,niku','鞋/1雙',0,0,0,0,15,36,0,NULL,1,'2016-07-12 07:10:11',15),(57,'2016-07-12 07:20:37','TW.DAISY','2016年7月13日大箱里的其三',0,0,0,0,15,22,1,NULL,0,'2016-07-12 07:20:37',15),(58,'2016-07-12 07:30:59','TW.DAISY','2016年7月13日大箱里的其三',0,0,0,0,15,22,1,NULL,0,'2016-07-12 07:30:59',15),(59,'2016-07-12 07:32:59','TW.DAISY','计量器3个',0,0,0,0,15,22,1,NULL,1,'2016-07-12 07:32:59',15),(60,'2016-07-25 04:47:16','箱1#','746KN275',65,47,46,22,15,22,1,NULL,0,'2016-07-25 04:47:16',15),(61,'2016-07-25 04:52:44','','',0,0,0,0,15,22,0,NULL,1,'2016-07-25 04:52:44',15),(62,'2016-07-25 05:04:24','1','746nk275',50,50,50,0,12,22,0,NULL,1,'2016-07-25 05:04:24',12),(63,'2016-07-25 06:16:51','2#','746KN276',50,50,50,32,15,38,1,NULL,0,'2016-07-25 06:16:51',15),(64,'2016-07-29 04:47:03','HK.Maggie Lee','箱1',0,0,0,0,15,28,1,NULL,0,'2016-07-29 04:47:03',15),(65,'2016-08-18 05:21:44','台湾1','',46,36,35,7.6,15,25,1,NULL,0,'2016-08-18 05:21:44',15),(66,'2016-08-31 04:38:10','','',57,37,37,0,15,22,0,NULL,1,'2016-08-31 04:38:10',15),(67,'2016-08-31 04:42:31','箱号','',0,0,0,0,15,22,0,NULL,1,'2016-08-31 04:42:31',15),(68,'2016-08-31 04:43:35','箱1#','',57,37,37,0,15,22,1,NULL,0,'2016-08-31 04:43:35',15),(69,'2016-09-15 04:18:37','箱1#','',0,0,0,0,15,28,0,NULL,1,'2016-09-15 04:18:37',15),(70,'2016-09-27 04:40:53','TW.DAISY','箱1',0,0,0,0,15,22,1,NULL,0,'2016-09-27 04:40:53',15),(71,'2016-09-27 04:47:20','箱1#','',0,0,0,0,15,22,1,NULL,0,'2016-09-27 04:47:20',15),(72,'2016-09-30 07:36:05','箱1#','',64,39,50,22,15,46,1,NULL,0,'2016-09-30 07:36:05',15),(73,'2016-09-30 08:20:36','箱2#','',64,39,50,0,15,46,0,NULL,1,'2016-09-30 08:20:36',15),(74,'2016-09-30 08:20:46','箱2#','',64,39,50,22,15,46,1,NULL,0,'2016-09-30 08:20:46',15),(75,'2016-10-03 04:27:26','箱3#','',0,0,0,0,15,24,1,NULL,0,'2016-10-03 04:27:26',15),(76,'2016-10-03 05:34:12','箱3#','',0,0,0,0,15,46,1,NULL,0,'2016-10-03 05:34:12',15),(77,'2016-10-04 05:02:30','箱1#','',0,0,0,0,15,22,0,NULL,1,'2016-10-04 05:02:30',15),(78,'2016-10-04 05:54:53','','',58,42,49,14,4,22,1,NULL,0,'0000-00-00 00:00:00',0),(79,'2016-10-13 05:19:34','','',0,0,0,0,15,22,0,NULL,1,'2016-10-13 05:19:34',15),(80,'2016-10-13 05:25:06','箱1#','',0,0,0,0,15,22,0,NULL,1,'2016-10-13 05:25:06',15),(81,'2016-10-13 05:38:36',' TW,32411','',0,0,0,0,15,24,0,NULL,1,'2016-10-13 05:38:36',15),(82,'2016-10-13 05:38:53','箱1#','',0,0,0,0,15,24,0,NULL,1,'2016-10-13 05:38:53',15),(83,'2016-10-13 05:47:27','箱1#','',0,0,0,0,15,22,0,NULL,1,'2016-10-13 05:47:27',15),(84,'2016-10-13 05:50:45','箱1#','',0,0,0,0,15,22,0,NULL,1,'2016-10-13 05:50:45',15),(85,'2016-10-13 05:55:37','箱1#','',0,0,0,0,15,22,0,NULL,1,'2016-10-13 05:55:37',15),(86,'2016-10-13 06:32:58','箱1#','',52,52,65,26,15,28,1,NULL,0,'2016-10-13 06:32:58',15),(87,'2016-10-13 06:34:39','箱1#','',0,0,0,0,15,22,0,NULL,1,'2016-10-13 06:34:39',15),(88,'2016-10-13 06:42:56','箱1#','',0,0,0,0,15,22,0,NULL,1,'2016-10-13 06:42:56',15),(89,'2016-10-13 06:43:16','箱1#','',0,0,0,0,15,22,0,NULL,1,'2016-10-13 06:43:16',15),(90,'2016-10-13 07:05:18',' 箱2#','',0,0,0,0,15,22,0,NULL,1,'2016-10-13 07:05:18',15),(91,'2016-10-13 07:05:52','箱2#','kn296',58,42,38,12,15,22,1,NULL,0,'2016-10-13 07:05:52',15),(92,'2016-10-13 07:33:42','箱3#','kn297',58,38,39,12,15,22,1,NULL,0,'2016-10-13 07:33:42',15),(93,'2016-10-17 06:36:15','箱1#','',0,0,0,0,15,28,0,NULL,1,'2016-10-17 06:36:15',15),(94,'2016-10-17 06:37:02','箱1#','',0,0,0,0,15,28,0,NULL,1,'2016-10-17 06:37:02',15),(95,'2016-10-18 04:14:42','箱2#','',52,52,58,29,15,28,1,NULL,0,'2016-10-18 04:14:42',15),(96,'2016-10-18 05:27:25','箱3#','',52,52,57,26,15,28,1,NULL,0,'2016-10-18 05:27:25',15),(97,'2016-10-18 06:31:36','箱4#','',52,52,58,27,15,28,1,NULL,0,'2016-10-18 06:31:36',15),(98,'2016-10-18 07:53:45','箱5#','',52,52,57,22,15,28,1,NULL,0,'2016-10-18 07:53:45',15),(99,'2016-10-19 06:47:01','香港箱1#','maggglee',0,0,0,0,15,46,1,NULL,0,'2016-10-19 06:47:01',15),(100,'2016-10-19 07:27:22','箱1#','',0,0,0,0,15,28,0,NULL,1,'2016-10-19 07:27:22',15),(101,'2016-10-20 04:18:02','香港箱1#','',0,0,0,0,15,28,0,NULL,1,'2016-10-20 04:18:02',15),(102,'2016-10-20 06:31:18','箱1#','',0,0,0,0,15,33,0,NULL,1,'2016-10-20 06:31:18',15),(103,'2016-10-20 07:08:37','箱1#','',0,0,0,0,15,36,1,NULL,0,'2016-10-20 07:08:37',15),(104,'2016-10-21 06:15:35','香港2#','',0,0,0,0,15,28,1,NULL,0,'2016-10-21 06:15:35',15),(105,'2016-10-21 07:41:13','香港3#','',0,0,0,0,15,28,1,NULL,0,'2016-10-21 07:41:13',15),(106,'2016-10-24 03:51:52','香港3#','香港3箱里面的货',0,0,0,0,15,28,1,NULL,0,'2016-10-24 03:51:52',15),(107,'2016-10-24 05:15:55','台湾1#','746KN003',70,46,48,23,15,46,1,NULL,0,'2016-10-24 05:15:55',15),(108,'2016-10-24 05:42:41','台湾2#','746KN004',0,0,0,21,15,47,1,NULL,0,'2016-10-24 05:42:41',15),(109,'2016-10-24 05:55:51','台湾3#','746KN005',0,0,0,13,15,22,1,NULL,0,'2016-10-24 05:55:51',15),(110,'2016-10-24 05:58:57','台湾4#','746KN006',0,0,0,13,15,22,1,NULL,0,'2016-10-24 05:58:57',15),(111,'2016-10-24 06:03:04','台湾5#','746KN007，niku，黄',0,0,0,20,15,22,1,NULL,0,'2016-10-24 06:03:04',15),(112,'2016-10-26 04:34:20','香港1#','',0,0,0,0,15,28,0,NULL,0,'2016-10-26 04:34:20',15),(113,'2016-10-26 04:59:55','香港2#','',0,0,0,0,15,28,0,NULL,0,'2016-10-26 04:59:55',15),(114,'2016-10-26 05:24:48','香港3#','',0,0,0,0,15,28,0,NULL,0,'2016-10-26 05:24:48',15),(115,'2016-10-26 06:22:13','香港4#','',0,0,0,0,15,28,0,NULL,0,'2016-10-26 06:22:13',15),(116,'2016-10-27 05:47:29',' 香港，5','',0,0,0,0,15,28,0,NULL,0,'2016-10-27 05:47:29',15),(117,'2016-10-27 06:18:40','台湾1#，','746KN298',67,45,40,11,15,50,1,NULL,0,'2016-10-27 06:18:40',15),(118,'2016-10-28 03:51:19','台湾2#，','746KN299',52,52,54,12,15,46,1,NULL,0,'2016-10-28 03:51:19',15),(119,'2016-10-28 04:51:54','台湾3#，','746kn300',70,45,46,11,15,46,1,NULL,0,'2016-10-28 04:51:54',15),(120,'2016-11-01 05:24:16','Tw,5#,','',56,37,42,20,15,33,1,NULL,0,'2016-11-01 05:24:16',15),(121,'2016-11-04 04:49:15','台湾1#，','746KN303,304',52,52,52,26,15,22,1,NULL,0,'2016-11-04 04:49:15',15),(122,'2016-11-07 05:20:20','台湾3#','746Kn305daisy,aiaim',52,52,39,23,15,49,1,NULL,0,'2016-11-07 05:20:20',15),(123,'2016-11-07 06:29:16','台湾4#','746KN306',56,41,41,15,15,50,1,NULL,0,'2016-11-07 06:29:16',15),(124,'2016-11-07 07:09:09','Tw 5#','746KN307',56,41,38,16,15,46,1,NULL,0,'2016-11-07 07:09:09',15),(125,'2016-11-08 06:00:18','香港1#','',0,0,0,0,15,28,0,NULL,1,'2016-11-08 06:00:18',15),(126,'2016-11-14 05:39:09','台湾1#11月14日','746KN308',52,52,54,26,15,22,1,NULL,0,'2016-11-14 05:39:09',15),(127,'2016-11-14 06:41:56','台湾2#11月14','746KN309  niku在中',70,45,37,25,15,22,1,NULL,0,'2016-11-14 06:41:56',15),(128,'2016-11-14 07:39:57','台湾3#11月14日','746KN310',61,42,88,26,15,47,1,NULL,0,'2016-11-14 07:39:57',15),(129,'2016-11-14 08:46:14','台湾4#11月14日','746KN311',52,52,54,31,15,47,1,NULL,0,'2016-11-14 08:46:14',15),(130,'2016-11-15 04:39:08','台湾5#11月15日','746KN312',70,45,39,13,15,47,1,NULL,0,'2016-11-15 04:39:08',15),(131,'2016-11-15 06:15:55','台湾6#11月15日','746KN313',70,45,47,18,15,46,1,NULL,0,'2016-11-15 06:15:55',15),(132,'2016-11-17 04:29:34','台湾1#11月17日','746kn314',52,52,52,23,15,47,1,NULL,0,'2016-11-17 04:29:34',15),(133,'2016-11-17 06:37:38','香港1#11月17日','',0,0,0,21,15,28,1,NULL,0,'2016-11-17 06:37:38',15),(134,'2016-11-28 08:19:58','台湾1#，11月28日','746kn315, niku,aiamai,',53,39,25,7,15,22,1,NULL,0,'2016-11-28 08:19:58',15),(135,'2016-11-30 04:32:14','台湾2#11月30日','746kn316，盘子',55,42,27,11,15,22,0,NULL,0,'2016-11-30 04:32:14',15),(136,'2017-02-17 05:49:41','','',0,0,0,0,0,0,0,NULL,0,'0000-00-00 00:00:00',0),(137,'2017-02-17 05:49:56','1','',0,0,0,0,0,0,0,NULL,0,'0000-00-00 00:00:00',0),(138,'2017-02-17 05:50:09','','',0,0,0,0,0,22,0,NULL,0,'0000-00-00 00:00:00',0),(139,'2017-02-17 05:50:41','1','',0,0,0,0,12,22,1,NULL,0,'0000-00-00 00:00:00',0),(140,'2017-02-17 05:52:13','2017.2.17箱一','746KN386',60,46,58,27,12,22,1,NULL,0,'2017-02-17 05:52:13',12),(141,'2017-02-17 05:57:11','2017.2.17.2','',0,0,0,0,0,22,0,NULL,0,'0000-00-00 00:00:00',0),(142,'2017-02-17 06:01:03','','',0,0,0,0,12,22,1,NULL,0,'0000-00-00 00:00:00',0),(143,'2017-02-17 07:19:58','','2017.2.17.2',60,46,58,0,12,22,1,NULL,0,'0000-00-00 00:00:00',0),(144,'2017-02-17 07:24:23','2017.2.17.箱二','',60,46,58,21,12,22,1,NULL,0,'0000-00-00 00:00:00',0),(145,'2017-02-17 08:31:36','','',0,0,0,21,12,22,0,NULL,1,'2017-02-17 08:31:36',12),(146,'2017-02-17 08:34:51','2017.1.17箱三','746KN2388',46,40,40,13,12,22,1,NULL,0,'2017-02-17 08:34:51',12),(147,'2017-02-17 08:46:05','20171.17箱二','746KN387',60,46,58,27,12,22,0,NULL,0,'2017-02-17 08:46:05',12);
/*!40000 ALTER TABLE `mst_out_box` ENABLE KEYS */;
UNLOCK TABLES;

--
-- Table structure for table `mst_staff`
--

DROP TABLE IF EXISTS `mst_staff`;
/*!40101 SET @saved_cs_client     = @@character_set_client */;
/*!40101 SET character_set_client = utf8 */;
CREATE TABLE `mst_staff` (
  `id` int(11) NOT NULL AUTO_INCREMENT,
  `staff_cd` varchar(20) DEFAULT NULL,
  `name` varchar(100) NOT NULL,
  `telphone` varchar(20) DEFAULT NULL,
  `email` varchar(50) NOT NULL,
  `authority` tinyint(1) NOT NULL DEFAULT '0',
  `password` varchar(100) DEFAULT NULL,
  `delete_flag` tinyint(4) DEFAULT NULL,
  PRIMARY KEY (`id`),
  UNIQUE KEY `email` (`email`),
  UNIQUE KEY `staff_cd` (`staff_cd`)
) ENGINE=InnoDB AUTO_INCREMENT=16 DEFAULT CHARSET=utf8;
/*!40101 SET character_set_client = @saved_cs_client */;

--
-- Dumping data for table `mst_staff`
--

LOCK TABLES `mst_staff` WRITE;
/*!40000 ALTER TABLE `mst_staff` DISABLE KEYS */;
INSERT INTO `mst_staff` VALUES (4,'ADMIN001','kiku','080-9496-1314','juteng2005@gmail.com',1,'pbkdf2:sha1:1000$ifj2arOS$44eaa8421e1b4ae7ea0667ae8a5a47956b1e1657',0),(5,NULL,'田中',NULL,'tanaka@gmail.com',0,'pbkdf2:sha1:1000$b65nNmTl$45ed4069a1d69cf3420b29f4cb597fa1e5fdf82f',1),(12,'staff003','yamada','080-9660-2277','admin@gmail.com',1,'pbkdf2:sha1:1000$AJYwo8Wk$dcc02c4ebdd6a6d085c7380978b89e888700a22a',0),(13,'wang','wang','789456','wang',0,'pbkdf2:sha1:1000$QYpftaYh$e4b51129134520851675b3c5ef4febccb2597c82',1),(14,'A0001','xiaolei','080-9999-1234','xiaolei@gmail.com',0,'pbkdf2:sha1:1000$AAa36UAe$9626b87e0f86aee526c176831c417a14e673a8c1',1),(15,'A0002','王偉','','wangwei@gmail.com',0,'pbkdf2:sha1:1000$leGjU3zn$5ffc0c08ca55f6fabcefa10f75de1187ad34ec63',0);
/*!40000 ALTER TABLE `mst_staff` ENABLE KEYS */;
UNLOCK TABLES;

--
-- Table structure for table `rel_in_item`
--

DROP TABLE IF EXISTS `rel_in_item`;
/*!40101 SET @saved_cs_client     = @@character_set_client */;
/*!40101 SET character_set_client = utf8 */;
CREATE TABLE `rel_in_item` (
  `id` int(11) NOT NULL AUTO_INCREMENT,
  `check_time` timestamp NOT NULL DEFAULT CURRENT_TIMESTAMP,
  `in_box_id` int(11) DEFAULT '0',
  `item_id` int(11) NOT NULL DEFAULT '0',
  `item_num` int(11) NOT NULL DEFAULT '0',
  `delete_flag` tinyint(1) NOT NULL DEFAULT '0',
  PRIMARY KEY (`id`)
) ENGINE=InnoDB AUTO_INCREMENT=844 DEFAULT CHARSET=utf8;
/*!40101 SET character_set_client = @saved_cs_client */;

--
-- Dumping data for table `rel_in_item`
--

LOCK TABLES `rel_in_item` WRITE;
/*!40000 ALTER TABLE `rel_in_item` DISABLE KEYS */;
INSERT INTO `rel_in_item` VALUES (3,'2016-04-25 07:00:27',1,1,41,0),(4,'2016-05-06 03:22:16',31,2,1,0),(5,'2016-05-06 03:26:53',31,3,1,0),(6,'2016-05-06 04:46:52',32,4,5,0),(15,'2016-05-06 09:58:02',12,24,1,0),(16,'2016-05-09 02:03:52',33,25,3,0),(17,'2016-05-09 02:01:45',33,1,1,0),(18,'2016-05-09 02:03:00',33,26,1,0),(19,'2016-05-09 02:08:35',33,27,2,0),(20,'2016-05-09 04:42:16',10,26,3,0),(21,'2016-05-09 05:18:42',10,28,1,0),(22,'2016-05-09 05:20:12',10,25,1,0),(23,'2016-05-09 05:21:04',10,1,1,0),(24,'2016-05-11 01:58:09',11,29,1,0),(25,'2016-05-12 04:31:14',12,30,12,0),(26,'2016-05-12 06:14:07',10,30,1,0),(27,'2016-05-12 06:22:18',13,31,1,0),(28,'2016-05-13 01:21:06',14,31,1,0),(29,'2016-05-16 07:16:28',16,32,1,0),(30,'2016-05-16 07:17:42',16,33,2,0),(31,'2016-05-16 07:36:12',16,34,35,0),(32,'2016-05-16 07:38:01',16,35,2,0),(33,'2016-05-16 07:57:12',16,36,10,0),(34,'2016-05-16 08:00:19',16,37,10,0),(35,'2016-05-16 08:12:52',16,38,10,0),(36,'2016-05-16 08:40:23',16,39,2,0),(37,'2016-05-16 08:41:05',16,40,2,0),(38,'2016-05-17 07:22:57',19,41,1,0),(39,'2016-05-20 01:58:33',22,31,1,0),(40,'2016-05-20 02:22:21',23,42,1,0),(41,'2016-05-20 02:31:02',24,43,12,0),(42,'2016-05-20 02:32:26',24,44,4,0),(43,'2016-05-23 01:49:08',25,45,20,0),(44,'2016-05-23 01:50:55',25,46,20,0),(45,'2016-05-23 02:33:34',26,47,1,0),(46,'2016-05-23 02:37:35',27,48,16,0),(47,'2016-05-23 02:44:35',27,29,5,0),(48,'2016-05-23 02:49:05',27,49,11,0),(49,'2016-05-23 03:17:18',27,50,28,0),(50,'2016-05-23 03:19:03',28,51,1,0),(51,'2016-05-23 05:13:38',29,52,49,0),(52,'2016-05-23 06:01:31',30,53,40,0),(53,'2016-05-23 06:06:30',30,2,11,0),(54,'2016-05-30 04:41:59',31,54,5,0),(55,'2016-05-30 04:43:33',31,55,6,0),(56,'2016-05-30 04:44:42',31,56,3,0),(57,'2016-05-30 04:45:53',31,57,2,0),(58,'2016-05-30 04:47:22',31,58,6,0),(59,'2016-05-30 04:48:23',31,59,6,0),(60,'2016-05-30 04:49:23',31,60,5,0),(61,'2016-05-30 04:50:43',31,61,6,0),(62,'2016-05-30 05:33:55',32,62,1,0),(63,'2016-05-30 05:35:36',32,63,4,0),(64,'2016-05-30 05:36:12',32,64,1,0),(65,'2016-05-30 05:49:07',32,65,1,0),(66,'2016-05-30 05:50:02',32,52,12,0),(67,'2016-05-30 05:58:41',32,66,3,0),(68,'2016-05-30 05:59:36',32,67,5,0),(69,'2016-05-30 06:00:08',32,68,1,0),(70,'2016-06-02 02:54:22',33,69,1,0),(71,'2016-06-06 03:10:27',34,70,3,0),(72,'2016-06-06 03:11:34',34,71,2,0),(73,'2016-06-06 03:40:08',34,72,24,0),(74,'2016-06-06 03:50:12',34,73,10,0),(75,'2016-06-06 06:37:32',35,74,62,0),(76,'2016-06-07 04:58:17',36,75,2,0),(77,'2016-06-07 06:24:40',36,76,101,0),(78,'2016-06-07 05:06:21',36,77,1,0),(79,'2016-06-07 05:39:35',36,78,7,0),(80,'2016-06-07 06:28:47',36,79,1,0),(81,'2016-06-07 07:01:02',37,80,1,0),(82,'2016-06-07 07:03:20',37,81,1,0),(83,'2016-06-07 07:05:17',40,82,1,0),(84,'2016-06-07 07:25:10',36,83,50,0),(85,'2016-06-07 07:26:05',36,84,50,0),(86,'2016-06-08 04:03:37',36,85,3,0),(87,'2016-06-13 04:18:32',41,86,15,0),(88,'2016-06-13 04:36:19',41,87,2,0),(89,'2016-06-13 04:37:21',41,88,4,0),(90,'2016-06-13 04:38:22',41,89,7,0),(91,'2016-06-13 04:39:47',41,90,1,0),(92,'2016-06-13 04:43:50',41,91,33,0),(93,'2016-06-13 04:42:30',41,92,6,0),(94,'2016-06-13 04:45:02',41,93,2,0),(95,'2016-06-13 04:45:59',41,94,1,0),(96,'2016-06-13 05:04:16',41,95,1,0),(97,'2016-06-14 01:19:50',42,96,10,0),(98,'2016-06-14 02:05:13',43,97,1,0),(99,'2016-06-14 02:06:21',43,98,1,0),(100,'2016-06-14 02:06:53',43,96,1,0),(101,'2016-06-29 02:59:12',44,99,1,0),(102,'2016-06-29 03:05:07',52,100,1,0),(103,'2016-06-29 03:08:00',52,101,1,0),(104,'2016-06-29 03:09:17',52,102,1,0),(105,'2016-06-29 03:10:25',52,103,1,0),(106,'2016-06-29 03:10:57',52,104,1,0),(107,'2016-06-29 03:12:20',52,105,1,0),(108,'2016-06-29 03:17:01',52,106,2,0),(109,'2016-07-04 05:53:04',53,107,40,0),(110,'2016-07-04 05:58:33',53,108,13,0),(111,'2016-07-12 06:50:04',54,109,1,0),(112,'2016-07-12 06:52:49',54,110,12,0),(113,'2016-07-12 06:54:36',54,111,6,0),(114,'2016-07-12 07:28:44',57,112,1,0),(115,'2016-07-12 07:35:20',58,113,3,0),(116,'2016-07-25 05:08:17',60,114,1,0),(117,'2016-07-25 05:12:42',52,115,1,0),(118,'2016-07-25 05:12:51',52,116,1,0),(119,'2016-07-25 05:13:05',52,117,1,0),(120,'2016-07-25 05:15:45',60,118,3,0),(121,'2016-07-25 05:21:27',60,119,1,0),(122,'2016-07-25 05:23:17',52,120,1,0),(123,'2016-07-25 05:26:21',60,121,1,0),(124,'2016-07-25 06:18:46',63,122,8,0),(125,'2016-07-25 06:21:50',63,123,5,0),(126,'2016-07-25 06:25:25',63,124,6,0),(127,'2016-07-25 06:29:15',63,125,4,0),(128,'2016-07-29 04:49:00',64,126,8,0),(129,'2016-08-18 05:23:56',65,127,1,0),(130,'2016-08-18 05:27:20',65,128,3,0),(131,'2016-08-18 05:29:09',65,129,1,0),(132,'2016-08-18 05:32:26',52,130,1,0),(133,'2016-08-18 05:33:01',52,131,1,0),(134,'2016-08-18 05:34:52',52,132,1,0),(135,'2016-08-18 05:34:53',52,133,1,0),(136,'2016-08-18 05:34:58',52,134,1,0),(137,'2016-08-18 05:47:20',65,135,1,0),(138,'2016-08-18 05:49:27',65,136,1,0),(139,'2016-08-18 05:52:22',65,137,1,0),(140,'2016-08-18 05:55:06',52,138,3,0),(141,'2016-08-18 05:55:20',52,139,3,0),(142,'2016-08-18 05:56:58',65,140,3,0),(143,'2016-08-19 04:55:19',65,141,1,0),(144,'2016-08-22 04:42:24',52,52,13,0),(145,'2016-08-22 04:44:50',65,142,9,0),(146,'2016-08-22 04:48:44',65,52,18,0),(147,'2016-08-31 04:44:44',68,143,8,0),(148,'2016-08-31 04:46:36',68,144,2,0),(149,'2016-09-15 04:24:24',68,145,10,0),(150,'2016-09-15 04:27:37',68,146,2,0),(151,'2016-09-15 04:29:59',68,147,10,0),(152,'2016-09-15 04:32:44',68,148,12,0),(153,'2016-09-15 04:33:32',68,149,6,0),(154,'2016-09-15 04:36:07',68,150,6,0),(155,'2016-09-15 04:38:55',68,151,7,0),(156,'2016-09-27 04:49:03',71,152,1,0),(157,'2016-09-27 04:51:11',71,153,1,0),(158,'2016-09-27 04:52:32',71,154,4,0),(159,'2016-09-27 04:53:58',71,155,4,0),(160,'2016-09-27 04:55:09',71,156,1,0),(161,'2016-09-27 04:59:09',71,157,1,0),(162,'2016-09-27 05:01:59',52,158,5,0),(163,'2016-09-27 05:02:08',71,159,5,0),(164,'2016-09-30 07:38:09',72,160,1,0),(165,'2016-09-30 07:38:27',72,161,1,0),(166,'2016-09-30 07:42:39',71,162,4,0),(167,'2016-09-30 07:44:52',71,163,6,0),(168,'2016-09-30 08:26:16',74,164,8,0),(169,'2016-09-30 08:28:54',74,165,1,0),(170,'2016-09-30 08:31:16',74,166,4,0),(171,'2016-09-30 08:32:27',74,167,104,0),(172,'2016-10-03 04:31:31',75,168,4,0),(173,'2016-10-03 04:33:46',75,169,10,0),(174,'2016-10-03 04:36:13',75,170,18,0),(175,'2016-10-03 05:37:33',75,171,23,0),(176,'2016-10-03 05:42:26',76,172,7,0),(177,'2016-10-03 05:43:30',76,173,1,0),(178,'2016-10-03 05:46:48',76,174,1,0),(179,'2016-10-03 05:48:07',76,175,1,0),(180,'2016-10-03 05:50:22',76,176,15,0),(181,'2016-10-03 05:56:57',76,177,40,0),(182,'2016-10-03 05:59:43',76,178,2,0),(183,'2016-10-03 06:04:46',76,179,11,0),(184,'2016-10-03 06:07:41',76,180,3,0),(185,'2016-10-03 06:09:37',76,181,1,0),(186,'2016-10-03 06:12:46',76,182,1,0),(187,'2016-10-03 06:15:06',76,183,3,0),(188,'2016-10-03 06:18:31',76,184,6,0),(189,'2016-10-03 06:21:07',76,185,5,0),(190,'2016-10-03 06:25:43',76,186,19,0),(191,'2016-10-03 06:31:04',76,187,9,0),(192,'2016-10-03 06:35:33',76,188,60,0),(193,'2016-10-03 06:41:13',76,189,2,0),(194,'2016-10-03 06:41:13',76,190,2,0),(195,'2016-10-03 06:44:22',76,191,5,0),(196,'2016-10-03 06:46:20',76,192,4,0),(197,'2016-10-03 06:48:20',76,193,2,0),(198,'2016-10-03 06:51:08',76,194,2,0),(199,'2016-10-03 06:56:06',76,195,1,0),(200,'2016-10-03 06:59:01',76,196,20,0),(201,'2016-10-03 07:21:06',76,197,17,0),(202,'2016-10-03 07:24:38',76,198,15,0),(203,'2016-10-03 07:36:33',76,199,1,0),(204,'2016-10-03 07:38:55',76,200,8,0),(205,'2016-10-03 07:43:24',76,201,5,0),(206,'2016-10-03 07:45:48',76,202,11,0),(207,'2016-10-03 07:48:41',76,203,4,0),(208,'2016-10-03 07:53:14',76,204,4,0),(209,'2016-10-03 07:56:05',76,205,4,0),(210,'2016-10-03 07:59:42',76,206,2,0),(211,'2016-10-04 05:08:25',71,207,2,0),(212,'2016-10-04 05:11:19',71,208,2,0),(213,'2016-10-13 05:26:51',77,209,10,0),(214,'2016-10-13 05:28:10',77,210,1,0),(215,'2016-10-13 05:32:19',77,211,1,0),(216,'2016-10-13 05:33:12',77,212,1,0),(217,'2016-10-13 05:35:19',77,213,8,0),(218,'2016-10-13 05:40:04',77,214,1,0),(219,'2016-10-13 05:40:56',77,215,1,0),(220,'2016-10-13 05:48:45',77,216,10,0),(221,'2016-10-13 05:51:49',77,217,10,0),(222,'2016-10-13 05:53:51',77,218,10,0),(223,'2016-10-13 05:56:29',77,219,10,0),(224,'2016-10-13 06:36:10',86,220,3,0),(225,'2016-10-13 06:44:05',86,221,1,0),(226,'2016-10-13 06:46:33',86,222,2,0),(227,'2016-10-13 07:07:26',91,223,10,0),(228,'2016-10-13 07:09:39',91,224,1,0),(229,'2016-10-13 07:11:48',91,225,2,0),(230,'2016-10-13 07:14:24',91,226,3,0),(231,'2016-10-13 07:35:01',92,227,4,0),(232,'2016-10-13 07:36:52',92,228,1,0),(233,'2016-10-17 06:41:11',86,229,7,0),(234,'2016-10-17 06:43:41',86,230,15,0),(235,'2016-10-17 06:48:11',86,231,12,0),(236,'2016-10-17 06:51:18',86,232,1,0),(237,'2016-10-17 06:54:58',86,233,10,0),(238,'2016-10-17 07:02:23',86,234,10,0),(239,'2016-10-17 07:10:26',86,235,3,0),(240,'2016-10-17 07:11:41',86,236,3,0),(241,'2016-10-17 07:16:13',86,237,13,0),(242,'2016-10-17 07:20:16',86,238,8,0),(243,'2016-10-17 07:26:06',86,239,19,0),(244,'2016-10-17 07:31:50',86,240,11,0),(245,'2016-10-17 07:34:22',86,241,2,0),(246,'2016-10-17 07:41:24',86,242,5,0),(247,'2016-10-17 07:42:37',86,243,2,0),(248,'2016-10-17 07:43:59',86,244,2,0),(249,'2016-10-17 07:47:01',86,245,9,0),(250,'2016-10-17 07:48:29',86,246,3,0),(251,'2016-10-17 07:52:03',86,247,2,0),(252,'2016-10-17 07:54:29',86,248,1,0),(253,'2016-10-17 07:56:48',86,249,1,0),(254,'2016-10-17 07:58:56',86,250,17,0),(255,'2016-10-17 08:02:55',86,251,2,0),(256,'2016-10-17 08:05:06',86,252,2,0),(257,'2016-10-17 08:08:35',86,253,2,0),(258,'2016-10-17 08:10:41',86,254,2,0),(259,'2016-10-18 04:26:04',95,255,9,0),(260,'2016-10-18 04:27:52',95,256,2,0),(261,'2016-10-18 04:30:02',95,257,2,0),(262,'2016-10-18 04:32:12',95,258,1,0),(263,'2016-10-18 04:34:26',95,259,4,0),(264,'2016-10-18 04:36:23',95,260,3,0),(265,'2016-10-18 04:38:47',95,261,2,0),(266,'2016-10-18 04:40:30',95,262,1,0),(267,'2016-10-18 04:44:04',95,263,3,0),(268,'2016-10-18 04:46:02',95,264,2,0),(269,'2016-10-18 04:47:31',95,265,1,0),(270,'2016-10-18 04:48:46',95,266,1,0),(271,'2016-10-18 04:50:31',95,267,1,0),(272,'2016-10-18 04:51:50',95,268,1,0),(273,'2016-10-18 04:52:58',95,269,1,0),(274,'2016-10-18 04:54:09',95,270,2,0),(275,'2016-10-18 04:55:19',95,271,1,0),(276,'2016-10-18 04:56:15',95,272,1,0),(277,'2016-10-18 04:57:25',95,273,1,0),(278,'2016-10-18 05:04:11',95,274,7,0),(279,'2016-10-18 05:05:55',95,275,11,0),(280,'2016-10-18 05:07:07',95,276,1,0),(281,'2016-10-18 05:07:58',95,277,1,0),(282,'2016-10-18 05:09:05',95,278,1,0),(283,'2016-10-18 05:09:43',95,279,1,0),(284,'2016-10-18 05:10:33',95,280,1,0),(285,'2016-10-18 05:11:23',95,281,1,0),(286,'2016-10-18 05:13:14',95,282,16,0),(287,'2016-10-18 05:14:30',95,283,12,0),(288,'2016-10-18 05:17:09',95,284,55,0),(289,'2016-10-18 05:19:04',95,285,52,0),(290,'2016-10-18 05:20:23',95,286,1,0),(291,'2016-10-18 05:21:23',95,287,11,0),(292,'2016-10-18 05:31:55',96,288,41,0),(293,'2016-10-18 05:34:59',96,289,74,0),(294,'2016-10-18 05:37:25',96,290,7,0),(295,'2016-10-18 05:38:12',96,291,7,0),(296,'2016-10-18 05:41:31',96,292,6,0),(297,'2016-10-18 05:42:24',96,293,1,0),(298,'2016-10-18 05:49:00',96,294,19,0),(299,'2016-10-18 05:50:33',96,295,11,0),(300,'2016-10-18 05:52:32',96,296,103,0),(301,'2016-10-18 05:53:52',96,297,5,0),(302,'2016-10-18 05:54:56',96,298,1,0),(303,'2016-10-18 05:57:13',96,299,40,0),(304,'2016-10-18 06:00:34',96,300,18,0),(305,'2016-10-18 06:02:20',96,301,16,0),(306,'2016-10-18 06:04:38',96,302,20,0),(307,'2016-10-18 06:07:45',96,303,1,0),(308,'2016-10-18 06:08:44',96,304,1,0),(309,'2016-10-18 06:12:11',96,305,45,0),(310,'2016-10-18 06:16:57',95,306,73,0),(311,'2016-10-18 06:18:48',96,307,3,0),(312,'2016-10-18 06:20:44',96,308,18,0),(313,'2016-10-18 06:21:36',96,309,1,0),(314,'2016-10-18 06:35:15',97,310,47,0),(315,'2016-10-18 06:39:08',97,311,20,0),(316,'2016-10-18 06:41:26',97,312,1,0),(317,'2016-10-18 06:43:52',97,313,52,0),(318,'2016-10-18 06:45:35',97,314,1,0),(319,'2016-10-18 06:46:32',97,315,2,0),(320,'2016-10-18 06:48:27',97,316,14,0),(321,'2016-10-18 06:49:21',97,317,1,0),(322,'2016-10-18 06:50:27',97,318,1,0),(323,'2016-10-18 06:54:15',97,319,54,0),(324,'2016-10-18 06:56:57',97,320,24,0),(325,'2016-10-18 07:05:39',97,321,129,0),(326,'2016-10-18 07:07:01',97,322,4,0),(327,'2016-10-18 07:08:29',97,323,6,0),(328,'2016-10-18 07:16:12',97,324,15,0),(329,'2016-10-18 07:17:24',97,325,1,0),(330,'2016-10-18 07:18:33',97,326,3,0),(331,'2016-10-18 07:20:01',97,327,5,0),(332,'2016-10-18 07:20:53',97,328,1,0),(333,'2016-10-18 07:21:49',97,329,1,0),(334,'2016-10-18 07:22:42',97,330,1,0),(335,'2016-10-18 07:24:06',97,331,2,0),(336,'2016-10-18 07:28:13',97,332,122,0),(337,'2016-10-18 07:29:52',97,333,8,0),(338,'2016-10-18 07:31:25',97,334,2,0),(339,'2016-10-18 07:32:31',97,335,3,0),(340,'2016-10-18 07:33:30',97,336,1,0),(341,'2016-10-18 07:34:18',97,337,1,0),(342,'2016-10-18 07:35:45',97,338,1,0),(343,'2016-10-18 07:36:32',97,339,1,0),(344,'2016-10-18 07:37:21',97,340,1,0),(345,'2016-10-18 07:38:56',97,341,1,0),(346,'2016-10-18 07:55:27',98,342,24,0),(347,'2016-10-18 07:56:33',98,343,2,0),(348,'2016-10-18 07:58:21',98,344,4,0),(349,'2016-10-18 07:59:51',98,345,8,0),(350,'2016-10-18 08:00:56',98,346,2,0),(351,'2016-10-18 08:02:10',98,347,1,0),(352,'2016-10-18 08:03:12',98,348,1,0),(353,'2016-10-18 08:04:34',98,349,4,0),(354,'2016-10-18 08:05:52',98,350,5,0),(355,'2016-10-18 08:07:44',98,351,2,0),(356,'2016-10-18 08:09:19',98,352,1,0),(357,'2016-10-18 08:11:03',98,353,1,0),(358,'2016-10-18 08:13:24',98,354,13,0),(359,'2016-10-18 08:14:18',98,355,1,0),(360,'2016-10-18 08:15:17',98,356,1,0),(361,'2016-10-18 08:16:20',98,357,3,0),(362,'2016-10-18 08:18:28',98,358,4,0),(363,'2016-10-18 08:19:32',98,359,9,0),(364,'2016-10-18 08:21:12',98,360,4,0),(365,'2016-10-18 08:22:27',98,361,3,0),(366,'2016-10-18 08:23:26',98,362,2,0),(367,'2016-10-18 08:24:52',98,363,1,0),(368,'2016-10-18 08:25:39',98,364,1,0),(369,'2016-10-18 08:26:25',98,365,1,0),(370,'2016-10-18 08:27:32',98,366,1,0),(371,'2016-10-18 08:28:38',98,367,1,0),(372,'2016-10-18 08:29:33',98,368,1,0),(373,'2016-10-18 08:30:38',98,369,3,0),(374,'2016-10-18 08:31:49',98,370,1,0),(375,'2016-10-18 08:32:32',98,371,1,0),(376,'2016-10-18 08:33:25',98,372,2,0),(377,'2016-10-18 08:37:07',98,373,45,0),(378,'2016-10-18 08:38:46',98,374,3,0),(379,'2016-10-18 08:40:00',98,375,13,0),(380,'2016-10-18 08:42:00',98,376,1,0),(381,'2016-10-18 08:43:07',98,377,4,0),(382,'2016-10-18 08:44:33',98,378,9,0),(383,'2016-10-18 08:45:44',98,379,7,0),(384,'2016-10-18 08:47:46',98,380,17,0),(385,'2016-10-18 08:48:33',95,381,1,0),(386,'2016-10-18 08:49:36',98,382,1,0),(387,'2016-10-18 08:50:51',98,383,5,0),(388,'2016-10-18 08:53:09',98,384,9,0),(389,'2016-10-18 08:53:55',98,385,2,0),(390,'2016-10-18 08:55:52',98,386,11,0),(391,'2016-10-18 08:56:35',98,387,1,0),(392,'2016-10-18 08:57:16',98,388,1,0),(393,'2016-10-18 08:57:59',98,389,1,0),(394,'2016-10-18 09:00:12',98,390,16,0),(395,'2016-10-18 09:01:17',98,391,6,0),(396,'2016-10-18 09:02:23',98,392,3,0),(397,'2016-10-18 09:03:41',98,393,9,0),(398,'2016-10-18 09:05:17',98,394,11,0),(399,'2016-10-18 09:06:38',98,395,8,0),(400,'2016-10-18 09:08:08',98,396,27,0),(401,'2016-10-18 09:10:25',98,397,10,0),(402,'2016-10-18 09:12:25',98,398,28,0),(403,'2016-10-18 09:13:23',98,399,2,0),(404,'2016-10-19 06:51:01',99,400,9,0),(405,'2016-10-19 06:53:18',99,401,5,0),(406,'2016-10-19 06:54:19',99,402,8,0),(407,'2016-10-19 07:00:19',99,403,6,0),(408,'2016-10-19 07:01:52',99,404,3,0),(409,'2016-10-19 07:05:57',99,405,28,0),(410,'2016-10-19 07:09:48',99,406,15,0),(411,'2016-10-19 07:12:24',99,407,17,0),(412,'2016-10-19 07:14:11',99,408,7,0),(413,'2016-10-19 07:16:01',99,409,6,0),(414,'2016-10-19 07:17:08',99,410,3,0),(415,'2016-10-19 07:18:44',99,411,1,0),(416,'2016-10-19 07:19:35',99,412,1,0),(417,'2016-10-19 07:28:43',99,413,11,0),(418,'2016-10-19 07:30:31',99,414,10,0),(419,'2016-10-19 07:32:12',99,415,4,0),(420,'2016-10-19 07:33:15',99,416,3,0),(421,'2016-10-19 07:34:33',99,417,5,0),(422,'2016-10-19 07:37:24',99,418,37,0),(423,'2016-10-20 04:20:16',99,419,18,0),(424,'2016-10-20 04:22:05',99,420,12,0),(425,'2016-10-20 04:24:51',99,421,10,0),(426,'2016-10-20 04:29:26',99,422,70,0),(427,'2016-10-20 04:30:56',99,423,16,0),(428,'2016-10-20 04:33:05',99,424,16,0),(429,'2016-10-20 04:35:30',99,425,20,0),(430,'2016-10-20 04:37:15',99,426,10,0),(431,'2016-10-20 07:01:31',99,427,2000,0),(432,'2016-10-20 07:10:24',99,428,1,0),(433,'2016-10-20 07:11:49',99,429,1,0),(434,'2016-10-20 07:13:11',99,430,1,0),(435,'2016-10-20 07:14:35',99,431,1,0),(436,'2016-10-21 06:23:50',104,432,5,0),(437,'2016-10-21 06:23:50',104,433,5,0),(438,'2016-10-21 06:26:39',104,434,1,0),(439,'2016-10-21 06:27:22',104,435,1,0),(440,'2016-10-21 06:28:25',104,436,4,0),(441,'2016-10-21 06:29:22',104,437,1,0),(442,'2016-10-21 06:30:17',104,438,5,0),(443,'2016-10-21 06:31:37',104,439,1,0),(444,'2016-10-21 06:32:36',104,440,2,0),(445,'2016-10-21 06:35:06',104,441,3,0),(446,'2016-10-21 06:36:07',104,442,3,0),(447,'2016-10-21 06:37:06',104,443,2,0),(448,'2016-10-21 06:38:23',104,444,5,0),(449,'2016-10-21 06:39:22',104,445,1,0),(450,'2016-10-21 06:40:20',104,446,2,0),(451,'2016-10-21 06:41:15',104,447,2,0),(452,'2016-10-21 06:42:07',104,448,3,0),(453,'2016-10-21 06:48:52',104,449,4,0),(454,'2016-10-21 06:49:51',104,450,1,0),(455,'2016-10-21 06:50:58',104,451,2,0),(456,'2016-10-21 06:51:46',104,452,1,0),(457,'2016-10-21 06:54:36',104,453,2,0),(458,'2016-10-21 06:55:36',104,454,2,0),(459,'2016-10-21 06:57:52',104,455,4,0),(460,'2016-10-21 06:59:40',104,456,1,0),(461,'2016-10-21 07:00:34',104,457,1,0),(462,'2016-10-21 07:02:14',104,458,2,0),(463,'2016-10-21 07:02:57',104,459,1,0),(464,'2016-10-21 07:04:19',104,460,2,0),(465,'2016-10-21 07:06:52',104,461,2,0),(466,'2016-10-21 07:07:45',104,462,1,0),(467,'2016-10-21 07:08:28',104,463,1,0),(468,'2016-10-21 07:09:16',104,464,1,0),(469,'2016-10-21 07:10:46',104,465,3,0),(470,'2016-10-21 07:14:20',104,466,2,0),(471,'2016-10-21 07:15:32',104,467,4,0),(472,'2016-10-21 07:21:54',104,468,24,0),(473,'2016-10-21 07:23:36',104,469,12,0),(474,'2016-10-21 07:24:38',104,470,6,0),(475,'2016-10-21 07:25:37',104,471,6,0),(476,'2016-10-21 07:27:06',104,472,2,0),(477,'2016-10-21 07:27:47',104,473,2,0),(478,'2016-10-21 07:32:08',104,474,40,0),(479,'2016-10-21 07:43:34',105,475,14,0),(480,'2016-10-21 07:44:40',105,476,2,0),(481,'2016-10-21 07:45:38',105,477,2,0),(482,'2016-10-21 07:46:55',105,478,3,0),(483,'2016-10-21 07:47:58',105,479,2,0),(484,'2016-10-21 07:48:42',105,480,1,0),(485,'2016-10-21 07:49:33',105,481,1,0),(486,'2016-10-21 07:52:23',105,482,40,0),(487,'2016-10-24 03:55:57',106,483,72,0),(488,'2016-10-24 03:58:23',106,484,15,0),(489,'2016-10-24 05:25:50',107,485,40,0),(490,'2016-10-24 05:32:42',107,486,90,0),(491,'2016-10-24 05:44:17',108,487,6,0),(492,'2016-10-24 05:48:04',108,488,800,0),(493,'2016-10-24 05:57:13',109,489,8,0),(494,'2016-10-24 05:59:59',110,490,8,0),(495,'2016-10-24 06:04:39',111,491,8,0),(496,'2016-10-24 06:15:10',111,492,1,0),(497,'2016-10-24 06:16:23',111,493,1,0),(498,'2016-10-24 06:18:24',111,494,1,0),(499,'2016-10-24 06:19:37',111,495,1,0),(500,'2016-10-24 06:20:32',111,496,1,0),(501,'2016-10-26 04:35:48',99,497,3,0),(502,'2016-10-26 04:36:48',99,498,1,0),(503,'2016-10-26 04:37:30',99,499,3,0),(504,'2016-10-26 04:38:56',99,500,14,0),(505,'2016-10-26 04:40:28',99,501,22,0),(506,'2016-10-26 04:43:10',99,502,28,0),(507,'2016-10-26 04:47:59',99,503,2,0),(508,'2016-10-26 04:49:10',99,504,3,0),(509,'2016-10-26 04:50:24',99,505,3,0),(510,'2016-10-26 04:51:50',99,506,12,0),(511,'2016-10-26 04:53:22',99,507,12,0),(512,'2016-10-26 05:01:35',113,508,24,0),(513,'2016-10-26 05:03:25',113,509,15,0),(514,'2016-10-26 05:05:31',113,510,32,0),(515,'2016-10-26 05:07:51',113,511,1,0),(516,'2016-10-26 05:08:52',113,512,5,0),(517,'2016-10-26 05:10:08',113,513,7,0),(518,'2016-10-26 05:11:33',113,514,7,0),(519,'2016-10-26 05:13:02',113,515,12,0),(520,'2016-10-26 05:14:45',113,516,9,0),(521,'2016-10-26 05:16:15',113,517,3,0),(522,'2016-10-26 05:17:50',113,518,4,0),(523,'2016-10-26 05:26:07',106,519,13,0),(524,'2016-10-26 05:27:50',106,520,8,0),(525,'2016-10-26 05:29:52',105,521,15,0),(526,'2016-10-26 05:31:36',106,522,10,0),(527,'2016-10-26 05:33:38',105,523,20,0),(528,'2016-10-26 05:35:27',106,524,13,0),(529,'2016-10-26 05:44:38',106,525,10,0),(530,'2016-10-26 05:46:23',106,526,5,0),(531,'2016-10-26 05:49:23',106,527,4,0),(532,'2016-10-26 05:51:38',106,528,4,0),(533,'2016-10-26 05:54:59',106,529,3,0),(534,'2016-10-26 05:56:20',106,530,2,0),(535,'2016-10-26 05:57:11',106,531,2,0),(536,'2016-10-26 05:57:57',106,532,1,0),(537,'2016-10-26 05:58:37',106,533,1,0),(538,'2016-10-26 06:23:57',115,534,2,0),(539,'2016-10-26 06:24:53',115,535,2,0),(540,'2016-10-26 06:25:51',115,536,2,0),(541,'2016-10-26 06:26:47',115,537,2,0),(542,'2016-10-26 06:27:44',115,538,2,0),(543,'2016-10-26 06:28:39',115,539,2,0),(544,'2016-10-26 06:30:17',115,540,10,0),(545,'2016-10-26 06:31:43',115,541,5,0),(546,'2016-10-26 06:33:16',115,542,10,0),(547,'2016-10-26 07:16:22',115,543,3,0),(548,'2016-10-26 07:17:23',115,544,2,0),(549,'2016-10-26 07:19:45',115,545,2,0),(550,'2016-10-26 07:21:18',115,546,2,0),(551,'2016-10-26 07:24:01',115,547,2,0),(552,'2016-10-26 07:31:01',115,548,2,0),(553,'2016-10-26 07:32:01',115,549,2,0),(554,'2016-10-26 07:33:20',115,550,1,0),(555,'2016-10-26 07:34:56',115,551,21,0),(556,'2016-10-26 07:36:09',115,552,12,0),(557,'2016-10-26 07:37:19',115,553,5,0),(558,'2016-10-26 07:38:19',115,554,9,0),(559,'2016-10-26 07:39:19',115,555,7,0),(560,'2016-10-26 07:41:01',115,556,15,0),(561,'2016-10-26 07:48:03',115,557,8,0),(562,'2016-10-27 05:48:58',116,558,10,0),(563,'2016-10-27 05:51:49',116,559,120,0),(564,'2016-10-27 05:55:38',116,560,8,0),(565,'2016-10-27 05:56:59',116,561,8,0),(566,'2016-10-27 05:57:52',116,562,1,0),(567,'2016-10-27 05:58:55',116,563,2,0),(568,'2016-10-27 06:21:13',117,564,6,0),(569,'2016-10-27 06:22:48',117,565,6,0),(570,'2016-10-27 06:31:55',117,566,60,0),(571,'2016-10-27 06:33:31',117,567,1,0),(572,'2016-10-27 06:35:17',117,568,6,0),(573,'2016-10-27 06:42:09',117,569,96,0),(574,'2016-10-28 04:13:42',118,570,15,0),(575,'2016-10-28 04:22:57',118,571,3,0),(576,'2016-10-28 04:39:40',118,572,9,0),(577,'2016-10-28 04:54:59',119,573,2,0),(578,'2016-10-28 04:56:27',119,574,1,0),(579,'2016-10-28 04:57:25',99,575,1,0),(580,'2016-10-28 04:58:32',119,576,1,0),(581,'2016-10-28 05:05:05',119,577,1,0),(582,'2016-10-28 05:08:19',119,578,40,0),(583,'2016-10-28 05:24:05',119,579,1,0),(584,'2016-11-01 05:26:02',120,580,36,0),(585,'2016-11-04 04:52:02',121,581,3,0),(586,'2016-11-04 04:53:38',121,582,1,0),(587,'2016-11-04 04:55:45',121,583,2,0),(588,'2016-11-04 04:56:48',121,584,2,0),(589,'2016-11-04 04:58:11',121,585,2,0),(590,'2016-11-04 04:59:28',121,586,2,0),(591,'2016-11-04 05:02:13',121,587,6,0),(592,'2016-11-04 05:04:23',121,588,1,0),(593,'2016-11-04 05:05:43',121,589,3,0),(594,'2016-11-04 05:06:53',121,590,4,0),(595,'2016-11-04 05:08:03',121,591,3,0),(596,'2016-11-04 05:09:23',121,592,3,0),(597,'2016-11-04 05:11:31',121,593,13,0),(598,'2016-11-04 05:13:24',121,594,24,0),(599,'2016-11-04 05:15:06',121,595,9,0),(600,'2016-11-04 05:16:08',121,596,4,0),(601,'2016-11-04 05:17:17',121,597,9,0),(602,'2016-11-07 05:21:18',122,598,1,0),(603,'2016-11-07 05:22:05',122,599,1,0),(604,'2016-11-07 05:23:13',122,600,1,0),(605,'2016-11-07 05:24:00',122,601,1,0),(606,'2016-11-07 05:25:50',122,602,1,0),(607,'2016-11-07 05:27:01',122,603,1,0),(608,'2016-11-07 05:31:52',122,604,10,0),(609,'2016-11-07 05:33:59',122,605,10,0),(610,'2016-11-07 05:35:39',122,606,5,0),(611,'2016-11-07 05:37:20',122,607,3,0),(612,'2016-11-07 06:30:15',123,608,1,0),(613,'2016-11-07 06:31:03',123,609,1,0),(614,'2016-11-07 06:33:01',123,610,20,0),(615,'2016-11-07 06:35:41',123,611,25,0),(616,'2016-11-07 06:39:42',123,612,6,0),(617,'2016-11-07 06:41:58',123,613,25,0),(618,'2016-11-07 06:43:27',123,614,1,0),(619,'2016-11-07 06:44:39',123,615,2,0),(620,'2016-11-07 06:46:10',123,616,2,0),(621,'2016-11-07 06:47:42',123,617,3,0),(622,'2016-11-07 06:48:47',123,618,4,0),(623,'2016-11-07 07:13:07',124,619,38,0),(624,'2016-11-07 07:15:40',124,620,35,0),(625,'2016-11-07 07:17:38',124,621,20,0),(626,'2016-11-07 07:20:56',124,622,2,0),(627,'2016-11-07 07:22:05',124,623,3,0),(628,'2016-11-07 07:23:01',124,624,2,0),(629,'2016-11-07 07:24:06',124,625,1,0),(630,'2016-11-07 07:25:03',124,626,2,0),(631,'2016-11-07 07:25:49',124,627,1,0),(632,'2016-11-08 06:01:55',112,628,16,0),(633,'2016-11-08 06:02:59',112,629,4,0),(634,'2016-11-08 06:03:51',112,630,4,0),(635,'2016-11-08 06:04:41',112,631,2,0),(636,'2016-11-08 06:05:29',112,632,1,0),(637,'2016-11-08 06:06:58',112,633,3,0),(638,'2016-11-08 06:07:49',112,634,2,0),(639,'2016-11-08 06:08:31',112,635,1,0),(640,'2016-11-08 06:09:12',112,636,1,0),(641,'2016-11-08 06:10:29',112,637,4,0),(642,'2016-11-08 06:11:20',112,638,1,0),(643,'2016-11-08 06:12:04',112,639,1,0),(644,'2016-11-08 06:13:28',112,640,5,0),(645,'2016-11-08 06:14:37',112,641,5,0),(646,'2016-11-08 06:15:45',112,642,15,0),(647,'2016-11-08 06:17:06',112,643,1,0),(648,'2016-11-08 06:18:13',112,644,7,0),(649,'2016-11-08 06:19:40',112,645,6,0),(650,'2016-11-08 06:21:02',112,646,10,0),(651,'2016-11-08 06:21:56',112,647,3,0),(652,'2016-11-08 06:22:59',112,648,2,0),(653,'2016-11-08 06:23:51',112,649,2,0),(654,'2016-11-08 06:24:50',112,650,1,0),(655,'2016-11-08 06:25:29',112,651,1,0),(656,'2016-11-14 05:40:39',126,652,2,0),(657,'2016-11-14 05:42:03',126,653,2,0),(658,'2016-11-14 05:47:04',126,654,2,0),(659,'2016-11-14 05:48:02',126,655,4,0),(660,'2016-11-14 05:56:30',126,656,4,0),(661,'2016-11-14 05:58:05',126,657,2,0),(662,'2016-11-14 05:59:35',126,658,1,0),(663,'2016-11-14 06:03:11',126,659,1,0),(664,'2016-11-14 06:04:08',126,660,2,0),(665,'2016-11-14 06:05:00',126,661,1,0),(666,'2016-11-14 06:05:41',126,662,1,0),(667,'2016-11-14 06:13:06',126,663,30,0),(668,'2016-11-14 06:22:23',126,664,1,0),(669,'2016-11-14 06:24:01',126,665,1,0),(670,'2016-11-14 06:24:51',126,666,1,0),(671,'2016-11-14 06:44:53',127,667,12,0),(672,'2016-11-14 06:46:00',127,668,3,0),(673,'2016-11-14 06:47:00',127,669,13,0),(674,'2016-11-14 06:48:25',127,670,2,0),(675,'2016-11-14 06:52:11',127,671,1,0),(676,'2016-11-14 06:53:12',127,672,1,0),(677,'2016-11-14 06:54:24',127,673,1,0),(678,'2016-11-14 07:41:07',128,674,1,0),(679,'2016-11-14 07:45:04',128,675,30,0),(680,'2016-11-14 07:49:44',128,676,60,0),(681,'2016-11-14 08:04:44',128,677,2,0),(682,'2016-11-14 08:06:03',128,678,4,0),(683,'2016-11-14 08:22:20',128,679,30,0),(684,'2016-11-14 08:50:19',129,680,39,0),(685,'2016-11-14 08:55:42',129,681,12,0),(686,'2016-11-14 08:57:52',129,682,24,0),(687,'2016-11-14 08:58:56',129,683,1,0),(688,'2016-11-14 09:05:57',129,684,78,0),(689,'2016-11-14 09:07:00',129,685,3,0),(690,'2016-11-14 09:08:07',129,686,2,0),(691,'2016-11-14 09:09:02',129,687,4,0),(692,'2016-11-14 09:10:25',129,688,9,0),(693,'2016-11-14 09:11:36',129,689,13,0),(694,'2016-11-14 09:17:46',129,690,22,0),(695,'2016-11-14 09:18:59',129,691,2,0),(696,'2016-11-14 09:19:43',129,692,2,0),(697,'2016-11-14 09:21:15',129,693,21,0),(698,'2016-11-14 09:22:36',129,694,3,0),(699,'2016-11-14 09:23:31',129,695,2,0),(700,'2016-11-14 09:24:16',129,696,2,0),(701,'2016-11-14 09:25:10',129,697,5,0),(702,'2016-11-14 09:26:19',129,698,3,0),(703,'2016-11-14 09:27:17',129,699,4,0),(704,'2016-11-14 09:28:20',129,700,5,0),(705,'2016-11-14 09:29:13',129,701,4,0),(706,'2016-11-14 09:30:21',129,702,2,0),(707,'2016-11-14 09:31:41',129,703,2,0),(708,'2016-11-14 09:32:22',129,704,2,0),(709,'2016-11-14 09:33:16',129,705,1,0),(710,'2016-11-14 09:34:01',129,706,1,0),(711,'2016-11-14 09:34:56',129,707,1,0),(712,'2016-11-14 09:35:49',129,708,1,0),(713,'2016-11-15 04:40:21',130,709,1,0),(714,'2016-11-15 04:41:08',130,710,1,0),(715,'2016-11-15 04:41:53',130,711,1,0),(716,'2016-11-15 04:42:41',130,712,1,0),(717,'2016-11-15 04:43:39',130,713,1,0),(718,'2016-11-15 04:44:27',130,714,1,0),(719,'2016-11-15 04:45:24',130,715,1,0),(720,'2016-11-15 04:46:10',130,716,1,0),(721,'2016-11-15 04:47:09',130,717,1,0),(722,'2016-11-15 04:48:01',130,718,1,0),(723,'2016-11-15 04:48:49',130,719,1,0),(724,'2016-11-15 04:49:37',130,720,1,0),(725,'2016-11-15 04:51:45',130,721,4,0),(726,'2016-11-15 04:52:37',130,722,1,0),(727,'2016-11-15 04:53:31',130,723,1,0),(728,'2016-11-15 04:54:21',130,724,1,0),(729,'2016-11-15 04:55:26',130,725,1,0),(730,'2016-11-15 04:56:25',130,726,1,0),(731,'2016-11-15 04:57:09',130,727,1,0),(732,'2016-11-15 04:58:07',130,728,1,0),(733,'2016-11-15 05:02:13',130,729,5,0),(734,'2016-11-15 05:03:23',130,730,1,0),(735,'2016-11-15 05:04:21',130,731,1,0),(736,'2016-11-15 05:05:45',130,732,3,0),(737,'2016-11-15 05:06:46',130,733,1,0),(738,'2016-11-15 05:07:44',130,734,1,0),(739,'2016-11-15 05:08:41',130,735,2,0),(740,'2016-11-15 05:09:44',130,736,1,0),(741,'2016-11-15 05:10:37',130,737,1,0),(742,'2016-11-15 05:11:33',130,738,2,0),(743,'2016-11-15 05:12:23',130,739,1,0),(744,'2016-11-15 05:13:24',130,740,1,0),(745,'2016-11-15 05:14:14',130,741,1,0),(746,'2016-11-15 05:15:05',130,742,1,0),(747,'2016-11-15 05:16:01',130,743,1,0),(748,'2016-11-15 05:16:57',130,744,1,0),(749,'2016-11-15 05:18:28',130,745,3,0),(750,'2016-11-15 05:19:22',130,746,1,0),(751,'2016-11-15 05:20:18',130,747,1,0),(752,'2016-11-15 05:21:07',130,748,1,0),(753,'2016-11-15 05:22:14',130,749,1,0),(754,'2016-11-15 05:23:32',130,750,1,0),(755,'2016-11-15 05:24:23',130,751,1,0),(756,'2016-11-15 05:25:21',130,752,1,0),(757,'2016-11-15 05:26:18',130,753,1,0),(758,'2016-11-15 05:27:22',130,754,1,0),(759,'2016-11-15 05:29:09',130,755,13,0),(760,'2016-11-15 05:32:02',130,756,30,0),(761,'2016-11-15 06:17:50',131,757,2,0),(762,'2016-11-15 06:18:49',131,758,2,0),(763,'2016-11-15 06:19:58',131,759,1,0),(764,'2016-11-15 06:20:55',131,760,1,0),(765,'2016-11-15 06:21:49',131,761,2,0),(766,'2016-11-15 06:22:44',131,762,1,0),(767,'2016-11-15 06:23:35',131,763,3,0),(768,'2016-11-15 06:24:16',131,764,1,0),(769,'2016-11-15 06:25:39',131,765,1,0),(770,'2016-11-15 06:26:24',131,766,1,0),(771,'2016-11-15 06:27:15',131,767,1,0),(772,'2016-11-15 06:28:09',131,768,2,0),(773,'2016-11-15 06:28:56',131,769,1,0),(774,'2016-11-15 06:30:19',131,770,3,0),(775,'2016-11-15 06:31:03',131,771,1,0),(776,'2016-11-15 06:31:46',131,772,1,0),(777,'2016-11-15 06:32:37',131,773,1,0),(778,'2016-11-15 06:33:39',131,774,3,0),(779,'2016-11-15 06:34:45',131,775,1,0),(780,'2016-11-15 06:35:30',131,776,1,0),(781,'2016-11-15 06:36:21',131,777,2,0),(782,'2016-11-15 06:36:58',131,778,1,0),(783,'2016-11-15 06:37:44',131,779,1,0),(784,'2016-11-15 06:40:26',131,780,21,0),(785,'2016-11-15 06:43:21',131,781,4,0),(786,'2016-11-15 06:45:35',131,782,20,0),(787,'2016-11-15 07:16:37',126,783,2,0),(788,'2016-11-17 04:31:13',132,784,8,0),(789,'2016-11-17 04:33:14',132,785,24,0),(790,'2016-11-17 04:34:53',132,786,4,0),(791,'2016-11-17 04:36:03',132,787,10,0),(792,'2016-11-17 04:37:52',132,788,15,0),(793,'2016-11-17 04:39:14',132,789,4,0),(794,'2016-11-17 04:41:54',132,790,3,0),(795,'2016-11-17 04:43:11',132,791,10,0),(796,'2016-11-17 04:45:31',132,792,10,0),(797,'2016-11-17 04:49:41',132,793,6,0),(798,'2016-11-17 04:50:55',132,794,1,0),(799,'2016-11-17 04:52:28',132,795,4,0),(800,'2016-11-17 04:54:00',132,796,9,0),(801,'2016-11-17 04:56:40',132,797,45,0),(802,'2016-11-17 04:58:08',132,798,2,0),(803,'2016-11-17 05:00:57',132,799,12,0),(804,'2016-11-17 05:01:56',132,800,1,0),(805,'2016-11-17 05:02:40',132,801,1,0),(806,'2016-11-17 05:03:37',132,802,2,0),(807,'2016-11-17 05:04:35',132,803,3,0),(808,'2016-11-17 05:06:03',132,804,4,0),(809,'2016-11-17 05:07:21',132,805,13,0),(810,'2016-11-17 05:11:10',132,806,59,0),(811,'2016-11-17 06:38:50',133,807,1,0),(812,'2016-11-17 06:39:28',133,808,1,0),(813,'2016-11-17 06:40:46',133,809,5,0),(814,'2016-11-17 06:41:38',133,810,1,0),(815,'2016-11-17 06:42:48',133,811,10,0),(816,'2016-11-17 06:43:34',133,812,1,0),(817,'2016-11-17 06:44:19',133,813,1,0),(818,'2016-11-17 06:45:11',133,814,2,0),(819,'2016-11-17 06:46:02',133,815,1,0),(820,'2016-11-17 06:46:44',133,816,1,0),(821,'2016-11-17 06:47:37',133,817,2,0),(822,'2016-11-17 06:48:28',133,818,4,0),(823,'2016-11-17 06:49:22',133,819,1,0),(824,'2016-11-17 06:50:00',133,820,1,0),(825,'2016-11-17 06:50:42',133,821,1,0),(826,'2016-11-17 06:51:50',133,822,4,0),(827,'2016-11-17 06:52:49',133,823,7,0),(828,'2016-11-17 06:54:42',133,824,20,0),(829,'2016-11-28 08:21:33',134,825,4,0),(830,'2016-11-28 08:25:03',134,826,1,0),(831,'2016-11-28 08:27:31',134,827,1,0),(832,'2016-11-30 04:34:33',135,828,6,0),(833,'2016-11-30 04:35:31',135,829,3,0),(834,'2016-11-30 04:36:39',135,830,9,0),(835,'2017-02-17 05:55:23',140,831,8,0),(836,'2017-02-17 06:06:34',140,832,17,0),(837,'2017-02-17 07:25:36',144,833,18,0),(838,'2017-02-17 07:29:04',144,834,10,0),(839,'2017-02-17 07:31:43',144,835,2,0),(840,'2017-02-17 08:24:39',144,836,12,0),(841,'2017-02-17 08:32:08',144,837,1,0),(842,'2017-02-17 08:36:15',146,838,9,0),(843,'2017-02-17 08:38:29',146,839,2,0);
/*!40000 ALTER TABLE `rel_in_item` ENABLE KEYS */;
UNLOCK TABLES;

--
-- Table structure for table `rel_out_item`
--

DROP TABLE IF EXISTS `rel_out_item`;
/*!40101 SET @saved_cs_client     = @@character_set_client */;
/*!40101 SET character_set_client = utf8 */;
CREATE TABLE `rel_out_item` (
  `id` int(11) NOT NULL AUTO_INCREMENT,
  `check_time` timestamp NOT NULL DEFAULT CURRENT_TIMESTAMP,
  `out_box_id` int(11) DEFAULT '0',
  `item_id` int(11) NOT NULL DEFAULT '0',
  `item_num` int(11) NOT NULL DEFAULT '0',
  `delete_flag` tinyint(1) NOT NULL DEFAULT '0',
  PRIMARY KEY (`id`)
) ENGINE=InnoDB AUTO_INCREMENT=858 DEFAULT CHARSET=utf8;
/*!40101 SET character_set_client = @saved_cs_client */;

--
-- Dumping data for table `rel_out_item`
--

LOCK TABLES `rel_out_item` WRITE;
/*!40000 ALTER TABLE `rel_out_item` DISABLE KEYS */;
INSERT INTO `rel_out_item` VALUES (3,'2016-04-25 07:00:27',1,1,28,0),(4,'2016-04-25 05:59:47',2,1,13,0),(5,'2016-05-06 03:22:16',8,2,1,0),(6,'2016-05-06 03:26:53',8,3,1,0),(7,'2016-05-06 04:46:52',9,4,5,0),(16,'2016-05-06 09:58:02',2,24,1,1),(17,'2016-05-06 10:20:43',2,24,1,0),(18,'2016-05-09 05:20:12',10,25,4,0),(19,'2016-05-09 05:21:04',10,1,2,0),(20,'2016-05-09 04:42:16',10,26,4,0),(21,'2016-05-09 02:08:35',10,27,2,0),(22,'2016-05-09 05:18:42',10,28,1,0),(23,'2016-05-11 01:58:09',11,29,1,0),(24,'2016-05-12 04:31:14',12,30,12,0),(25,'2016-05-12 06:14:07',10,30,1,0),(26,'2016-05-12 06:22:18',13,31,1,0),(27,'2016-05-13 01:21:06',14,31,1,0),(28,'2016-05-16 07:16:28',16,32,1,1),(29,'2016-05-16 07:17:42',16,33,2,0),(30,'2016-05-16 07:36:12',16,34,5,0),(32,'2016-05-16 07:38:26',16,32,1,1),(33,'2016-05-16 07:39:37',16,32,1,1),(34,'2016-05-16 07:57:12',16,36,10,0),(35,'2016-05-16 08:00:19',16,37,10,0),(36,'2016-05-16 08:01:42',16,32,1,1),(38,'2016-05-16 08:12:52',16,38,10,0),(42,'2016-05-20 01:58:33',22,31,1,0),(43,'2016-05-20 02:22:21',23,42,1,0),(44,'2016-05-20 02:31:02',24,43,12,0),(45,'2016-05-20 02:32:26',24,44,4,0),(46,'2016-05-23 01:49:08',25,45,20,0),(47,'2016-05-23 01:50:55',25,46,20,0),(48,'2016-05-23 02:33:34',26,47,1,0),(49,'2016-05-23 02:37:35',27,48,20,0),(50,'2016-05-23 02:44:35',27,29,5,0),(51,'2016-05-23 02:49:05',27,49,11,0),(52,'2016-05-23 03:17:18',27,50,28,0),(53,'2016-05-23 03:19:03',28,51,1,1),(54,'2016-05-23 03:19:47',28,51,1,0),(55,'2016-05-23 05:13:38',29,52,24,0),(56,'2016-05-23 06:01:31',30,53,40,0),(57,'2016-05-23 06:06:30',30,2,11,0),(58,'2016-05-30 04:41:59',31,54,5,0),(59,'2016-05-30 04:43:33',31,55,6,0),(60,'2016-05-30 04:44:42',31,56,3,0),(61,'2016-05-30 04:45:53',31,57,2,0),(62,'2016-05-30 04:47:22',31,58,6,0),(63,'2016-05-30 04:48:23',31,59,6,0),(64,'2016-05-30 04:49:23',31,60,5,0),(65,'2016-05-30 04:50:43',31,61,6,0),(66,'2016-05-30 05:33:55',32,62,1,0),(67,'2016-05-30 05:35:36',32,63,4,0),(68,'2016-05-30 05:36:12',32,64,1,0),(69,'2016-05-30 05:49:07',32,65,1,0),(70,'2016-05-30 05:50:02',32,52,12,0),(71,'2016-05-30 05:58:41',32,66,3,0),(72,'2016-05-30 05:59:36',32,67,5,0),(73,'2016-05-30 06:00:08',32,68,1,0),(75,'2016-06-06 03:10:27',34,70,3,0),(76,'2016-06-06 03:11:34',34,71,2,0),(77,'2016-06-06 03:40:08',34,72,24,0),(78,'2016-06-06 03:50:12',34,73,10,0),(79,'2016-06-06 06:37:32',35,74,62,0),(81,'2016-06-07 06:24:40',36,76,99,0),(82,'2016-06-07 05:06:21',36,77,1,0),(83,'2016-06-07 05:39:35',36,78,7,0),(85,'2016-06-07 07:01:02',37,80,1,1),(86,'2016-06-07 07:01:34',37,80,1,1),(87,'2016-06-07 07:02:10',37,80,1,1),(88,'2016-06-07 07:03:20',37,81,1,1),(89,'2016-06-07 07:03:48',38,81,1,0),(90,'2016-06-07 07:03:53',38,80,1,0),(91,'2016-06-07 07:05:17',40,82,1,1),(92,'2016-06-07 07:05:34',39,82,1,1),(93,'2016-06-07 07:05:50',40,82,1,1),(94,'2016-06-07 07:06:11',39,82,1,1),(95,'2016-06-07 07:06:18',39,82,1,1),(96,'2016-06-07 07:06:24',40,82,1,0),(97,'2016-06-07 07:25:10',36,83,50,0),(98,'2016-06-07 07:26:05',36,84,50,0),(99,'2016-06-08 04:03:37',36,85,3,0),(100,'2016-06-13 04:18:32',41,86,15,0),(101,'2016-06-13 04:36:19',41,87,2,0),(102,'2016-06-13 04:37:21',41,88,4,0),(103,'2016-06-13 04:38:22',41,89,7,0),(104,'2016-06-13 04:39:47',41,90,1,0),(105,'2016-06-13 04:43:50',41,91,33,0),(106,'2016-06-13 04:42:30',41,92,6,0),(107,'2016-06-13 04:45:02',41,93,2,0),(108,'2016-06-13 04:45:59',41,94,1,0),(109,'2016-06-13 05:04:16',41,95,1,0),(110,'2016-06-14 01:19:50',42,96,10,0),(111,'2016-06-14 02:05:13',43,97,18,0),(112,'2016-06-14 02:06:21',43,98,40,0),(113,'2016-06-14 02:06:53',43,96,250,0),(114,'2016-06-29 02:59:12',44,99,1,0),(115,'2016-06-29 03:05:07',52,100,1,0),(116,'2016-06-29 03:08:00',52,101,1,0),(117,'2016-06-29 03:09:17',52,102,1,0),(118,'2016-06-29 03:10:25',52,103,1,0),(119,'2016-06-29 03:10:57',52,104,1,0),(120,'2016-06-29 03:12:20',52,105,1,0),(121,'2016-06-29 03:17:01',52,106,2,0),(122,'2016-07-04 05:53:04',53,107,40,0),(123,'2016-07-04 05:58:33',53,108,13,0),(124,'2016-07-12 06:50:04',54,109,10,0),(125,'2016-07-12 06:52:49',54,110,12,0),(126,'2016-07-12 06:54:36',54,111,6,0),(127,'2016-07-12 07:28:44',57,112,6,0),(128,'2016-07-12 07:35:20',58,113,3,0),(129,'2016-07-25 05:08:17',60,114,11,0),(130,'2016-07-25 05:12:42',52,115,1,0),(131,'2016-07-25 05:12:51',52,116,1,0),(132,'2016-07-25 05:13:05',52,117,1,0),(133,'2016-07-25 05:15:45',60,118,3,0),(134,'2016-07-25 05:21:27',60,119,1,0),(135,'2016-07-25 05:23:17',52,120,1,0),(136,'2016-07-25 05:26:21',60,121,6,0),(137,'2016-07-25 06:18:46',63,122,8,0),(138,'2016-07-25 06:21:50',63,123,5,0),(139,'2016-07-25 06:25:25',63,124,6,0),(140,'2016-07-25 06:29:15',63,125,4,0),(141,'2016-07-29 04:49:00',64,126,8,0),(142,'2016-08-18 05:23:56',65,127,1,0),(143,'2016-08-18 05:27:20',65,128,3,0),(144,'2016-08-18 05:29:09',65,129,13,0),(145,'2016-08-18 05:32:26',52,130,1,0),(146,'2016-08-18 05:33:01',52,131,1,0),(147,'2016-08-18 05:34:52',52,132,1,0),(148,'2016-08-18 05:34:53',52,133,1,0),(149,'2016-08-18 05:34:58',52,134,1,0),(150,'2016-08-18 05:47:20',65,135,2,0),(151,'2016-08-18 05:49:27',65,136,1,0),(152,'2016-08-18 05:52:22',65,137,1,0),(153,'2016-08-18 05:55:06',52,138,3,0),(154,'2016-08-18 05:55:20',52,139,3,0),(155,'2016-08-18 05:56:58',65,140,3,0),(156,'2016-08-19 04:55:19',65,141,1,0),(157,'2016-08-22 04:42:24',52,52,13,0),(158,'2016-08-22 04:44:50',65,142,9,0),(159,'2016-08-22 04:48:44',65,52,18,0),(160,'2016-08-31 04:44:44',68,143,8,0),(161,'2016-08-31 04:46:36',68,144,1,0),(162,'2016-09-15 04:24:24',68,145,10,0),(163,'2016-09-15 04:27:37',68,146,2,0),(164,'2016-09-15 04:29:59',68,147,10,0),(165,'2016-09-15 04:32:44',68,148,12,0),(166,'2016-09-15 04:33:32',68,149,6,0),(167,'2016-09-15 04:36:07',68,150,6,0),(168,'2016-09-15 04:38:55',68,151,7,0),(169,'2016-09-27 04:49:03',71,152,1,0),(170,'2016-09-27 04:51:11',71,153,1,0),(171,'2016-09-27 04:52:32',71,154,4,0),(172,'2016-09-27 04:53:58',71,155,4,0),(173,'2016-09-27 04:55:09',71,156,1,0),(174,'2016-09-27 04:59:09',71,157,1,0),(175,'2016-09-27 05:01:59',52,158,5,0),(176,'2016-09-27 05:02:08',71,159,5,0),(177,'2016-09-30 07:38:09',72,160,98,0),(178,'2016-09-30 07:38:27',72,161,1,0),(179,'2016-09-30 07:42:39',71,162,4,0),(180,'2016-09-30 07:44:52',71,163,6,0),(181,'2016-09-30 08:26:16',74,164,8,0),(182,'2016-09-30 08:28:54',74,165,1,0),(183,'2016-09-30 08:31:16',74,166,4,0),(184,'2016-09-30 08:32:27',74,167,104,0),(185,'2016-10-03 04:31:31',75,168,4,0),(186,'2016-10-03 04:33:46',75,169,10,0),(187,'2016-10-03 04:36:13',75,170,18,0),(188,'2016-10-03 05:37:33',75,171,23,0),(189,'2016-10-03 05:42:26',76,172,7,0),(190,'2016-10-03 05:43:30',76,173,1,0),(191,'2016-10-03 05:46:48',76,174,1,0),(192,'2016-10-03 05:48:07',76,175,1,0),(193,'2016-10-03 05:50:22',76,176,15,0),(194,'2016-10-03 05:56:57',76,177,40,0),(195,'2016-10-03 05:59:43',76,178,2,0),(196,'2016-10-03 06:04:46',76,179,11,0),(197,'2016-10-03 06:07:41',76,180,3,0),(198,'2016-10-03 06:09:37',76,181,1,0),(199,'2016-10-03 06:12:46',76,182,1,0),(200,'2016-10-03 06:15:06',76,183,3,0),(201,'2016-10-03 06:18:31',76,184,6,0),(202,'2016-10-03 06:21:07',76,185,5,0),(203,'2016-10-03 06:25:43',76,186,19,0),(204,'2016-10-03 06:31:04',76,187,9,0),(205,'2016-10-03 06:35:33',76,188,60,0),(206,'2016-10-03 06:41:13',76,189,2,0),(207,'2016-10-03 06:41:13',76,190,2,0),(208,'2016-10-03 06:44:22',76,191,5,0),(209,'2016-10-03 06:46:20',76,192,4,0),(210,'2016-10-03 06:48:20',76,193,2,0),(211,'2016-10-03 06:51:08',76,194,2,0),(212,'2016-10-03 06:56:06',76,195,1,0),(213,'2016-10-03 06:59:01',76,196,20,0),(214,'2016-10-03 07:21:06',76,197,17,0),(215,'2016-10-03 07:24:38',76,198,15,0),(216,'2016-10-03 07:36:33',76,199,1,0),(217,'2016-10-03 07:38:55',76,200,8,0),(218,'2016-10-03 07:43:24',76,201,5,0),(219,'2016-10-03 07:45:48',76,202,11,0),(220,'2016-10-03 07:48:41',76,203,4,0),(221,'2016-10-03 07:53:14',76,204,4,0),(222,'2016-10-03 07:56:05',76,205,4,0),(223,'2016-10-03 07:59:42',76,206,2,0),(224,'2016-10-04 05:08:25',71,207,2,0),(225,'2016-10-04 05:11:19',71,208,2,0),(226,'2016-10-13 05:26:51',77,209,10,0),(227,'2016-10-13 05:28:10',77,210,1,0),(228,'2016-10-13 05:32:19',77,211,1,0),(229,'2016-10-13 05:33:12',77,212,1,0),(230,'2016-10-13 05:35:19',77,213,8,0),(231,'2016-10-13 05:40:04',77,214,1,0),(232,'2016-10-13 05:40:56',77,215,1,0),(233,'2016-10-13 05:48:45',77,216,10,0),(234,'2016-10-13 05:51:49',77,217,10,0),(235,'2016-10-13 05:53:51',77,218,10,0),(236,'2016-10-13 05:56:29',77,219,10,0),(240,'2016-10-13 07:07:26',91,223,10,0),(241,'2016-10-13 07:09:39',91,224,1,0),(242,'2016-10-13 07:11:48',91,225,2,0),(243,'2016-10-13 07:14:24',91,226,3,0),(244,'2016-10-13 07:35:01',92,227,4,0),(245,'2016-10-13 07:36:52',92,228,1,0),(246,'2016-10-17 06:41:11',86,229,7,0),(247,'2016-10-17 06:43:41',86,230,15,0),(248,'2016-10-17 06:48:11',86,231,12,0),(249,'2016-10-17 06:51:18',86,232,1,0),(250,'2016-10-17 06:54:58',86,233,10,0),(251,'2016-10-17 07:02:23',86,234,10,0),(252,'2016-10-17 07:10:26',86,235,3,0),(253,'2016-10-17 07:11:41',86,236,3,0),(254,'2016-10-17 07:16:13',86,237,13,0),(255,'2016-10-17 07:20:16',86,238,8,0),(256,'2016-10-17 07:26:06',86,239,19,0),(257,'2016-10-17 07:31:50',86,240,11,0),(258,'2016-10-17 07:34:22',86,241,2,0),(259,'2016-10-17 07:41:24',86,242,5,0),(260,'2016-10-17 07:42:37',86,243,2,0),(261,'2016-10-17 07:43:59',86,244,2,0),(262,'2016-10-17 07:47:01',86,245,9,0),(263,'2016-10-17 07:48:29',86,246,3,0),(264,'2016-10-17 07:52:03',86,247,2,0),(265,'2016-10-17 07:54:29',86,248,1,0),(266,'2016-10-17 07:56:48',86,249,1,0),(267,'2016-10-17 07:58:56',86,250,17,0),(268,'2016-10-17 08:02:55',86,251,2,0),(269,'2016-10-17 08:05:06',86,252,2,0),(270,'2016-10-17 08:08:35',86,253,2,0),(271,'2016-10-17 08:10:41',86,254,2,0),(272,'2016-10-18 04:26:04',95,255,9,0),(273,'2016-10-18 04:27:52',95,256,2,0),(274,'2016-10-18 04:30:02',95,257,2,0),(275,'2016-10-18 04:32:12',95,258,1,0),(276,'2016-10-18 04:34:26',95,259,4,0),(277,'2016-10-18 04:36:23',95,260,3,0),(278,'2016-10-18 04:38:47',95,261,2,0),(279,'2016-10-18 04:40:30',95,262,1,0),(280,'2016-10-18 04:44:04',95,263,3,0),(281,'2016-10-18 04:46:02',95,264,2,0),(282,'2016-10-18 04:47:31',95,265,1,0),(283,'2016-10-18 04:48:46',95,266,1,0),(284,'2016-10-18 04:50:31',95,267,1,0),(285,'2016-10-18 04:51:50',95,268,1,0),(286,'2016-10-18 04:52:58',95,269,1,0),(287,'2016-10-18 04:54:09',95,270,2,0),(288,'2016-10-18 04:55:19',95,271,1,0),(289,'2016-10-18 04:56:15',95,272,1,0),(290,'2016-10-18 04:57:25',95,273,1,0),(291,'2016-10-18 05:04:11',95,274,7,0),(292,'2016-10-18 05:05:55',95,275,11,0),(293,'2016-10-18 05:07:07',95,276,1,0),(294,'2016-10-18 05:07:58',95,277,1,0),(295,'2016-10-18 05:09:05',95,278,1,0),(296,'2016-10-18 05:09:43',95,279,1,0),(297,'2016-10-18 05:10:33',95,280,1,0),(298,'2016-10-18 05:11:23',95,281,1,0),(299,'2016-10-18 05:13:14',95,282,16,0),(300,'2016-10-18 05:14:30',95,283,12,0),(301,'2016-10-18 05:17:09',95,284,55,0),(302,'2016-10-18 05:19:04',95,285,52,0),(303,'2016-10-18 05:20:23',95,286,1,0),(304,'2016-10-18 05:21:23',95,287,11,0),(305,'2016-10-18 05:31:55',96,288,41,0),(306,'2016-10-18 05:34:59',96,289,74,0),(307,'2016-10-18 05:37:25',96,290,7,0),(308,'2016-10-18 05:38:12',96,291,7,0),(309,'2016-10-18 05:41:31',96,292,6,0),(310,'2016-10-18 05:42:24',96,293,1,0),(311,'2016-10-18 05:49:00',96,294,19,0),(312,'2016-10-18 05:50:33',96,295,11,0),(313,'2016-10-18 05:52:32',96,296,106,0),(314,'2016-10-18 05:53:52',96,297,5,0),(315,'2016-10-18 05:54:56',96,298,1,0),(316,'2016-10-18 05:57:13',96,299,40,0),(317,'2016-10-18 06:00:34',96,300,18,0),(318,'2016-10-18 06:02:20',96,301,16,0),(319,'2016-10-18 06:04:38',96,302,20,0),(320,'2016-10-18 06:07:45',96,303,1,0),(321,'2016-10-18 06:08:44',96,304,1,0),(322,'2016-10-18 06:12:11',96,305,45,0),(323,'2016-10-18 06:16:57',95,306,73,0),(324,'2016-10-18 06:18:48',96,307,3,0),(325,'2016-10-18 06:20:44',96,308,18,0),(326,'2016-10-18 06:21:36',96,309,1,0),(327,'2016-10-18 06:35:15',97,310,47,0),(328,'2016-10-18 06:39:08',97,311,20,0),(329,'2016-10-18 06:41:26',97,312,1,0),(330,'2016-10-18 06:43:52',97,313,52,0),(331,'2016-10-18 06:45:35',97,314,1,0),(332,'2016-10-18 06:46:32',97,315,2,0),(333,'2016-10-18 06:48:27',97,316,14,0),(334,'2016-10-18 06:49:21',97,317,1,0),(335,'2016-10-18 06:50:27',97,318,1,0),(336,'2016-10-18 06:54:15',97,319,54,0),(337,'2016-10-18 06:56:57',97,320,24,0),(338,'2016-10-18 07:05:39',97,321,129,0),(339,'2016-10-18 07:07:01',97,322,4,0),(340,'2016-10-18 07:08:29',97,323,6,0),(341,'2016-10-18 07:16:12',97,324,15,0),(342,'2016-10-18 07:17:24',97,325,1,0),(343,'2016-10-18 07:18:33',97,326,3,0),(344,'2016-10-18 07:20:01',97,327,5,0),(345,'2016-10-18 07:20:53',97,328,1,0),(346,'2016-10-18 07:21:49',97,329,1,0),(347,'2016-10-18 07:22:42',97,330,1,0),(348,'2016-10-18 07:24:06',97,331,2,0),(349,'2016-10-18 07:28:13',97,332,122,0),(350,'2016-10-18 07:29:52',97,333,8,0),(351,'2016-10-18 07:31:25',97,334,2,0),(352,'2016-10-18 07:32:31',97,335,3,0),(353,'2016-10-18 07:33:30',97,336,1,0),(354,'2016-10-18 07:34:18',97,337,1,0),(355,'2016-10-18 07:35:45',97,338,1,0),(356,'2016-10-18 07:36:32',97,339,1,0),(357,'2016-10-18 07:37:21',97,340,1,0),(358,'2016-10-18 07:38:56',97,341,1,0),(359,'2016-10-18 07:55:27',98,342,24,0),(360,'2016-10-18 07:56:33',98,343,2,0),(361,'2016-10-18 07:58:21',98,344,4,0),(362,'2016-10-18 07:59:51',98,345,8,0),(363,'2016-10-18 08:00:56',98,346,2,0),(364,'2016-10-18 08:02:10',98,347,1,0),(365,'2016-10-18 08:03:12',98,348,1,0),(366,'2016-10-18 08:04:34',98,349,4,0),(367,'2016-10-18 08:05:52',98,350,5,0),(368,'2016-10-18 08:07:44',98,351,2,0),(369,'2016-10-18 08:09:19',98,352,1,0),(370,'2016-10-18 08:11:03',98,353,1,0),(371,'2016-10-18 08:13:24',98,354,13,0),(372,'2016-10-18 08:14:18',98,355,1,0),(373,'2016-10-18 08:15:17',98,356,1,0),(374,'2016-10-18 08:16:20',98,357,3,0),(375,'2016-10-18 08:18:28',98,358,4,0),(376,'2016-10-18 08:19:32',98,359,9,0),(377,'2016-10-18 08:21:12',98,360,4,0),(378,'2016-10-18 08:22:27',98,361,3,0),(379,'2016-10-18 08:23:26',98,362,2,0),(380,'2016-10-18 08:24:52',98,363,1,0),(381,'2016-10-18 08:25:39',98,364,1,0),(382,'2016-10-18 08:26:25',98,365,1,0),(383,'2016-10-18 08:27:32',98,366,1,0),(384,'2016-10-18 08:28:38',98,367,1,0),(385,'2016-10-18 08:29:33',98,368,1,0),(386,'2016-10-18 08:30:38',98,369,3,0),(387,'2016-10-18 08:31:49',98,370,1,0),(388,'2016-10-18 08:32:32',98,371,1,0),(389,'2016-10-18 08:33:25',98,372,2,0),(390,'2016-10-18 08:37:07',98,373,45,0),(391,'2016-10-18 08:38:46',98,374,3,0),(392,'2016-10-18 08:40:00',98,375,13,0),(393,'2016-10-18 08:42:00',98,376,1,0),(394,'2016-10-18 08:43:07',98,377,4,0),(395,'2016-10-18 08:44:33',98,378,9,0),(396,'2016-10-18 08:45:44',98,379,7,0),(397,'2016-10-18 08:47:46',98,380,17,0),(398,'2016-10-18 08:48:33',95,381,1,0),(399,'2016-10-18 08:49:36',98,382,1,0),(400,'2016-10-18 08:50:51',98,383,5,0),(401,'2016-10-18 08:53:09',98,384,9,0),(402,'2016-10-18 08:53:55',98,385,2,0),(403,'2016-10-18 08:55:52',98,386,11,0),(404,'2016-10-18 08:56:35',98,387,1,0),(405,'2016-10-18 08:57:16',98,388,1,0),(406,'2016-10-18 08:57:59',98,389,1,0),(407,'2016-10-18 09:00:12',98,390,16,0),(408,'2016-10-18 09:01:17',98,391,6,0),(409,'2016-10-18 09:02:23',98,392,3,0),(410,'2016-10-18 09:03:41',98,393,9,0),(411,'2016-10-18 09:05:17',98,394,11,0),(412,'2016-10-18 09:06:38',98,395,8,0),(413,'2016-10-18 09:08:08',98,396,27,0),(414,'2016-10-18 09:10:25',98,397,10,0),(415,'2016-10-18 09:12:25',98,398,28,0),(416,'2016-10-18 09:13:23',98,399,2,0),(417,'2016-10-19 06:51:01',99,400,9,0),(418,'2016-10-19 06:53:18',99,401,5,0),(419,'2016-10-19 06:54:19',99,402,9,0),(420,'2016-10-19 07:00:19',99,403,6,0),(421,'2016-10-19 07:01:52',99,404,3,0),(422,'2016-10-19 07:05:57',99,405,29,0),(423,'2016-10-19 07:09:48',99,406,15,0),(424,'2016-10-19 07:12:24',99,407,17,0),(425,'2016-10-19 07:14:11',99,408,7,0),(426,'2016-10-19 07:16:01',99,409,6,0),(427,'2016-10-19 07:17:08',99,410,3,0),(428,'2016-10-19 07:18:44',99,411,1,0),(429,'2016-10-19 07:19:35',99,412,1,0),(430,'2016-10-19 07:28:43',99,413,11,0),(431,'2016-10-19 07:30:31',99,414,10,0),(432,'2016-10-19 07:32:12',99,415,4,0),(433,'2016-10-19 07:33:15',99,416,3,0),(434,'2016-10-19 07:34:33',99,417,5,0),(435,'2016-10-19 07:37:24',99,418,37,0),(436,'2016-10-20 04:20:16',99,419,18,0),(437,'2016-10-20 04:22:05',99,420,12,0),(438,'2016-10-20 04:24:51',99,421,10,0),(439,'2016-10-20 04:29:26',99,422,70,0),(440,'2016-10-20 04:30:56',99,423,16,0),(441,'2016-10-20 04:33:05',99,424,16,0),(442,'2016-10-20 04:35:30',99,425,20,0),(443,'2016-10-20 04:37:15',99,426,10,0),(444,'2016-10-20 07:01:31',99,427,800,0),(445,'2016-10-20 07:10:24',99,428,1,0),(446,'2016-10-20 07:11:49',99,429,1,0),(447,'2016-10-20 07:13:11',99,430,1,0),(448,'2016-10-20 07:14:35',99,431,1,0),(449,'2016-10-21 06:23:50',104,432,5,0),(450,'2016-10-21 06:23:50',104,433,5,0),(451,'2016-10-21 06:26:39',104,434,1,0),(452,'2016-10-21 06:27:22',104,435,1,0),(453,'2016-10-21 06:28:25',104,436,4,0),(454,'2016-10-21 06:29:22',104,437,1,0),(455,'2016-10-21 06:30:17',104,438,5,0),(456,'2016-10-21 06:31:37',104,439,1,0),(457,'2016-10-21 06:32:36',104,440,2,0),(458,'2016-10-21 06:35:06',104,441,3,0),(459,'2016-10-21 06:36:07',104,442,3,0),(460,'2016-10-21 06:37:06',104,443,2,0),(461,'2016-10-21 06:38:23',104,444,5,0),(462,'2016-10-21 06:39:22',104,445,1,0),(463,'2016-10-21 06:40:20',104,446,2,0),(464,'2016-10-21 06:41:15',104,447,2,0),(465,'2016-10-21 06:42:07',104,448,3,0),(466,'2016-10-21 06:48:52',104,449,4,0),(467,'2016-10-21 06:49:51',104,450,1,0),(468,'2016-10-21 06:50:58',104,451,2,0),(469,'2016-10-21 06:51:46',104,452,1,0),(470,'2016-10-21 06:54:36',104,453,2,0),(471,'2016-10-21 06:55:36',104,454,2,0),(472,'2016-10-21 06:57:52',104,455,4,0),(473,'2016-10-21 06:59:40',104,456,1,0),(474,'2016-10-21 07:00:34',104,457,1,0),(475,'2016-10-21 07:02:14',104,458,2,0),(476,'2016-10-21 07:02:57',104,459,1,0),(477,'2016-10-21 07:04:19',104,460,2,0),(478,'2016-10-21 07:06:52',104,461,2,0),(479,'2016-10-21 07:07:45',104,462,1,0),(480,'2016-10-21 07:08:28',104,463,1,0),(481,'2016-10-21 07:09:16',104,464,1,0),(482,'2016-10-21 07:10:46',104,465,3,0),(483,'2016-10-21 07:14:20',104,466,2,0),(484,'2016-10-21 07:15:32',104,467,4,0),(485,'2016-10-21 07:21:54',104,468,24,0),(486,'2016-10-21 07:23:36',104,469,12,0),(487,'2016-10-21 07:24:38',104,470,6,0),(488,'2016-10-21 07:25:37',104,471,6,0),(489,'2016-10-21 07:27:06',104,472,2,0),(490,'2016-10-21 07:27:47',104,473,2,0),(491,'2016-10-21 07:32:08',104,474,40,0),(492,'2016-10-21 07:43:34',105,475,14,0),(493,'2016-10-21 07:44:40',105,476,2,0),(494,'2016-10-21 07:45:38',105,477,2,0),(495,'2016-10-21 07:46:55',105,478,3,0),(496,'2016-10-21 07:47:58',105,479,2,0),(497,'2016-10-21 07:48:42',105,480,1,0),(498,'2016-10-21 07:49:33',105,481,1,0),(499,'2016-10-21 07:52:23',105,482,40,0),(500,'2016-10-24 03:55:57',106,483,72,0),(501,'2016-10-24 03:58:23',106,484,15,0),(502,'2016-10-24 05:25:50',107,485,40,0),(503,'2016-10-24 05:32:42',107,486,90,0),(504,'2016-10-24 05:44:17',108,487,6,0),(505,'2016-10-24 05:48:04',108,488,800,0),(506,'2016-10-24 05:57:13',109,489,8,0),(507,'2016-10-24 05:59:59',110,490,8,0),(508,'2016-10-24 06:04:39',111,491,8,0),(509,'2016-10-24 06:15:10',111,492,1,0),(510,'2016-10-24 06:16:23',111,493,1,0),(511,'2016-10-24 06:18:24',111,494,1,0),(512,'2016-10-24 06:19:37',111,495,1,0),(513,'2016-10-24 06:20:32',111,496,1,0),(514,'2016-10-26 04:35:48',99,497,3,0),(515,'2016-10-26 04:36:48',99,498,1,0),(516,'2016-10-26 04:37:30',99,499,3,0),(517,'2016-10-26 04:38:56',99,500,14,0),(518,'2016-10-26 04:40:28',99,501,22,0),(519,'2016-10-26 04:43:10',99,502,28,0),(520,'2016-10-26 04:47:59',99,503,2,0),(521,'2016-10-26 04:49:10',99,504,3,0),(522,'2016-10-26 04:50:24',99,505,3,0),(523,'2016-10-26 04:51:50',99,506,12,0),(524,'2016-10-26 04:53:22',99,507,12,0),(525,'2016-10-26 05:01:35',113,508,24,0),(526,'2016-10-26 05:03:25',113,509,15,0),(527,'2016-10-26 05:05:31',113,510,32,0),(528,'2016-10-26 05:07:51',113,511,1,0),(529,'2016-10-26 05:08:52',113,512,5,0),(530,'2016-10-26 05:10:08',113,513,7,0),(531,'2016-10-26 05:11:33',113,514,7,0),(532,'2016-10-26 05:13:02',113,515,12,0),(533,'2016-10-26 05:14:45',113,516,9,0),(534,'2016-10-26 05:16:15',113,517,3,0),(535,'2016-10-26 05:17:50',113,518,4,0),(536,'2016-10-26 05:26:07',106,519,13,0),(537,'2016-10-26 05:27:50',106,520,8,0),(538,'2016-10-26 05:29:52',105,521,15,0),(539,'2016-10-26 05:31:36',106,522,10,0),(540,'2016-10-26 05:33:38',105,523,20,0),(541,'2016-10-26 05:35:27',106,524,13,0),(542,'2016-10-26 05:44:38',106,525,10,0),(543,'2016-10-26 05:46:23',106,526,5,0),(544,'2016-10-26 05:49:23',106,527,4,0),(545,'2016-10-26 05:51:38',106,528,4,0),(546,'2016-10-26 05:54:59',106,529,3,0),(547,'2016-10-26 05:56:20',106,530,2,0),(548,'2016-10-26 05:57:11',106,531,2,0),(549,'2016-10-26 05:57:57',106,532,1,0),(550,'2016-10-26 05:58:37',106,533,1,0),(551,'2016-10-26 06:23:57',115,534,2,0),(552,'2016-10-26 06:24:53',115,535,2,0),(553,'2016-10-26 06:25:51',115,536,2,0),(554,'2016-10-26 06:26:47',115,537,2,0),(555,'2016-10-26 06:27:44',115,538,2,0),(556,'2016-10-26 06:28:39',115,539,2,0),(557,'2016-10-26 06:30:17',115,540,10,0),(558,'2016-10-26 06:31:43',115,541,5,0),(559,'2016-10-26 06:33:16',115,542,10,0),(560,'2016-10-26 07:16:22',115,543,3,0),(561,'2016-10-26 07:17:23',115,544,2,0),(562,'2016-10-26 07:19:45',115,545,2,0),(563,'2016-10-26 07:21:18',115,546,2,0),(564,'2016-10-26 07:24:01',115,547,2,0),(565,'2016-10-26 07:31:01',115,548,2,0),(566,'2016-10-26 07:32:01',115,549,2,0),(567,'2016-10-26 07:33:20',115,550,1,0),(568,'2016-10-26 07:34:56',115,551,21,0),(569,'2016-10-26 07:36:09',115,552,12,0),(570,'2016-10-26 07:37:19',115,553,5,0),(571,'2016-10-26 07:38:19',115,554,9,0),(572,'2016-10-26 07:39:19',115,555,7,0),(573,'2016-10-26 07:41:01',115,556,15,0),(574,'2016-10-26 07:48:03',115,557,8,0),(575,'2016-10-27 05:48:58',116,558,10,0),(576,'2016-10-27 05:51:49',116,559,120,0),(577,'2016-10-27 05:55:38',116,560,8,0),(578,'2016-10-27 05:56:59',116,561,8,0),(579,'2016-10-27 05:57:52',116,562,1,0),(580,'2016-10-27 05:58:55',116,563,2,0),(581,'2016-10-27 06:21:13',117,564,6,0),(582,'2016-10-27 06:22:48',117,565,6,0),(583,'2016-10-27 06:31:55',117,566,60,0),(584,'2016-10-27 06:33:31',117,567,1,0),(585,'2016-10-27 06:35:17',117,568,6,0),(586,'2016-10-27 06:42:09',117,569,96,0),(587,'2016-10-28 04:13:42',118,570,15,0),(588,'2016-10-28 04:22:57',118,571,3,0),(589,'2016-10-28 04:39:40',118,572,9,0),(590,'2016-10-28 04:54:59',119,573,2,0),(591,'2016-10-28 04:56:27',119,574,1,0),(592,'2016-10-28 04:57:25',99,575,1,0),(593,'2016-10-28 04:58:32',119,576,1,0),(594,'2016-10-28 05:05:05',119,577,1,0),(595,'2016-10-28 05:08:19',119,578,40,0),(596,'2016-10-28 05:24:05',119,579,1,0),(597,'2016-11-01 05:26:02',120,580,36,0),(598,'2016-11-04 04:52:02',121,581,3,0),(599,'2016-11-04 04:53:38',121,582,1,0),(600,'2016-11-04 04:55:45',121,583,2,0),(601,'2016-11-04 04:56:48',121,584,2,0),(602,'2016-11-04 04:58:11',121,585,2,0),(603,'2016-11-04 04:59:28',121,586,2,0),(604,'2016-11-04 05:02:13',121,587,6,0),(605,'2016-11-04 05:04:23',121,588,1,0),(606,'2016-11-04 05:05:43',121,589,3,0),(607,'2016-11-04 05:06:53',121,590,4,0),(608,'2016-11-04 05:08:03',121,591,3,0),(609,'2016-11-04 05:09:23',121,592,3,0),(610,'2016-11-04 05:11:31',121,593,13,0),(611,'2016-11-04 05:13:24',121,594,24,0),(612,'2016-11-04 05:15:06',121,595,9,0),(613,'2016-11-04 05:16:08',121,596,4,0),(614,'2016-11-04 05:17:17',121,597,9,0),(615,'2016-11-07 05:21:18',122,598,1,0),(616,'2016-11-07 05:22:05',122,599,1,0),(617,'2016-11-07 05:23:13',122,600,1,0),(618,'2016-11-07 05:24:00',122,601,1,0),(619,'2016-11-07 05:25:50',122,602,1,0),(620,'2016-11-07 05:27:01',122,603,1,0),(621,'2016-11-07 05:31:52',122,604,10,0),(622,'2016-11-07 05:33:59',122,605,10,0),(623,'2016-11-07 05:35:39',122,606,5,0),(624,'2016-11-07 05:37:20',122,607,3,0),(625,'2016-11-07 06:30:15',123,608,1,0),(626,'2016-11-07 06:31:03',123,609,1,0),(627,'2016-11-07 06:33:01',123,610,20,0),(628,'2016-11-07 06:35:41',123,611,25,0),(629,'2016-11-07 06:39:42',123,612,6,0),(630,'2016-11-07 06:41:58',123,613,25,0),(631,'2016-11-07 06:43:27',123,614,1,0),(632,'2016-11-07 06:44:39',123,615,2,0),(633,'2016-11-07 06:46:10',123,616,2,0),(634,'2016-11-07 06:47:42',123,617,3,0),(635,'2016-11-07 06:48:47',123,618,4,0),(636,'2016-11-07 07:13:07',124,619,38,0),(637,'2016-11-07 07:15:40',124,620,35,0),(638,'2016-11-07 07:17:38',124,621,20,0),(639,'2016-11-07 07:20:56',124,622,2,0),(640,'2016-11-07 07:22:05',124,623,3,0),(641,'2016-11-07 07:23:01',124,624,2,0),(642,'2016-11-07 07:24:06',124,625,1,0),(643,'2016-11-07 07:25:03',124,626,2,0),(644,'2016-11-07 07:25:49',124,627,1,0),(645,'2016-11-08 06:01:55',112,628,16,0),(646,'2016-11-08 06:02:59',112,629,4,0),(647,'2016-11-08 06:03:51',112,630,4,0),(648,'2016-11-08 06:04:41',112,631,2,0),(649,'2016-11-08 06:05:29',112,632,1,0),(650,'2016-11-08 06:06:58',112,633,3,0),(651,'2016-11-08 06:07:49',112,634,2,0),(652,'2016-11-08 06:08:31',112,635,1,0),(653,'2016-11-08 06:09:12',112,636,1,0),(654,'2016-11-08 06:10:29',112,637,4,0),(655,'2016-11-08 06:11:20',112,638,1,0),(656,'2016-11-08 06:12:04',112,639,1,0),(657,'2016-11-08 06:13:28',112,640,5,0),(658,'2016-11-08 06:14:37',112,641,5,0),(659,'2016-11-08 06:15:45',112,642,15,0),(660,'2016-11-08 06:17:06',112,643,1,0),(661,'2016-11-08 06:18:13',112,644,7,0),(662,'2016-11-08 06:19:40',112,645,6,0),(663,'2016-11-08 06:21:02',112,646,10,0),(664,'2016-11-08 06:21:56',112,647,3,0),(665,'2016-11-08 06:22:59',112,648,2,0),(666,'2016-11-08 06:23:51',112,649,2,0),(667,'2016-11-08 06:24:50',112,650,1,0),(668,'2016-11-08 06:25:29',112,651,1,0),(669,'2016-11-14 05:40:39',126,652,2,0),(670,'2016-11-14 05:42:03',126,653,2,0),(671,'2016-11-14 05:47:04',126,654,2,0),(672,'2016-11-14 05:48:02',126,655,4,0),(673,'2016-11-14 05:56:30',126,656,4,0),(674,'2016-11-14 05:58:05',126,657,2,0),(675,'2016-11-14 05:59:35',126,658,1,0),(676,'2016-11-14 06:03:11',126,659,1,0),(677,'2016-11-14 06:04:08',126,660,2,0),(678,'2016-11-14 06:05:00',126,661,1,0),(679,'2016-11-14 06:05:41',126,662,1,0),(680,'2016-11-14 06:13:06',126,663,30,0),(681,'2016-11-14 06:22:23',126,664,1,0),(682,'2016-11-14 06:24:01',126,665,1,0),(683,'2016-11-14 06:24:51',126,666,1,0),(684,'2016-11-14 06:44:53',127,667,12,0),(685,'2016-11-14 06:46:00',127,668,3,0),(686,'2016-11-14 06:47:00',127,669,13,0),(687,'2016-11-14 06:48:25',127,670,2,0),(688,'2016-11-14 06:52:11',127,671,1,0),(689,'2016-11-14 06:53:12',127,672,1,0),(690,'2016-11-14 06:54:24',127,673,1,0),(691,'2016-11-14 07:41:07',128,674,1,0),(692,'2016-11-14 07:45:04',128,675,30,0),(693,'2016-11-14 07:49:44',128,676,60,0),(694,'2016-11-14 08:04:44',128,677,2,0),(695,'2016-11-14 08:06:03',128,678,4,0),(696,'2016-11-14 08:22:20',128,679,30,0),(697,'2016-11-14 08:50:19',129,680,39,0),(698,'2016-11-14 08:55:42',129,681,12,0),(699,'2016-11-14 08:57:52',129,682,24,0),(700,'2016-11-14 08:58:56',129,683,1,0),(701,'2016-11-14 09:05:57',129,684,78,0),(702,'2016-11-14 09:07:00',129,685,3,0),(703,'2016-11-14 09:08:07',129,686,2,0),(704,'2016-11-14 09:09:02',129,687,4,0),(705,'2016-11-14 09:10:25',129,688,9,0),(706,'2016-11-14 09:11:36',129,689,13,0),(707,'2016-11-14 09:17:46',129,690,22,0),(708,'2016-11-14 09:18:59',129,691,2,0),(709,'2016-11-14 09:19:43',129,692,2,0),(710,'2016-11-14 09:21:15',129,693,21,0),(711,'2016-11-14 09:22:36',129,694,3,0),(712,'2016-11-14 09:23:31',129,695,2,0),(713,'2016-11-14 09:24:16',129,696,2,0),(714,'2016-11-14 09:25:10',129,697,5,0),(715,'2016-11-14 09:26:19',129,698,3,0),(716,'2016-11-14 09:27:17',129,699,4,0),(717,'2016-11-14 09:28:20',129,700,5,0),(718,'2016-11-14 09:29:13',129,701,4,0),(719,'2016-11-14 09:30:21',129,702,2,0),(720,'2016-11-14 09:31:41',129,703,2,0),(721,'2016-11-14 09:32:22',129,704,2,0),(722,'2016-11-14 09:33:16',129,705,1,0),(723,'2016-11-14 09:34:01',129,706,1,0),(724,'2016-11-14 09:34:56',129,707,1,0),(725,'2016-11-14 09:35:49',129,708,1,0),(726,'2016-11-15 04:40:21',130,709,1,0),(727,'2016-11-15 04:41:08',130,710,1,0),(728,'2016-11-15 04:41:53',130,711,1,0),(729,'2016-11-15 04:42:41',130,712,1,0),(730,'2016-11-15 04:43:39',130,713,1,0),(731,'2016-11-15 04:44:27',130,714,1,0),(732,'2016-11-15 04:45:24',130,715,1,0),(733,'2016-11-15 04:46:10',130,716,1,0),(734,'2016-11-15 04:47:09',130,717,1,0),(735,'2016-11-15 04:48:01',130,718,1,0),(736,'2016-11-15 04:48:49',130,719,1,0),(737,'2016-11-15 04:49:37',130,720,1,0),(738,'2016-11-15 04:51:45',130,721,4,0),(739,'2016-11-15 04:52:37',130,722,1,0),(740,'2016-11-15 04:53:31',130,723,1,0),(741,'2016-11-15 04:54:21',130,724,1,0),(742,'2016-11-15 04:55:26',130,725,1,0),(743,'2016-11-15 04:56:25',130,726,1,0),(744,'2016-11-15 04:57:09',130,727,1,0),(745,'2016-11-15 04:58:07',130,728,1,0),(746,'2016-11-15 05:02:13',130,729,5,0),(747,'2016-11-15 05:03:23',130,730,1,0),(748,'2016-11-15 05:04:21',130,731,1,0),(749,'2016-11-15 05:05:45',130,732,3,0),(750,'2016-11-15 05:06:46',130,733,1,0),(751,'2016-11-15 05:07:44',130,734,1,0),(752,'2016-11-15 05:08:41',130,735,2,0),(753,'2016-11-15 05:09:44',130,736,1,0),(754,'2016-11-15 05:10:37',130,737,1,0),(755,'2016-11-15 05:11:33',130,738,2,0),(756,'2016-11-15 05:12:23',130,739,1,0),(757,'2016-11-15 05:13:24',130,740,1,0),(758,'2016-11-15 05:14:14',130,741,1,0),(759,'2016-11-15 05:15:05',130,742,1,0),(760,'2016-11-15 05:16:01',130,743,1,0),(761,'2016-11-15 05:16:57',130,744,1,0),(762,'2016-11-15 05:18:28',130,745,3,0),(763,'2016-11-15 05:19:22',130,746,1,0),(764,'2016-11-15 05:20:18',130,747,1,0),(765,'2016-11-15 05:21:07',130,748,1,0),(766,'2016-11-15 05:22:14',130,749,1,0),(767,'2016-11-15 05:23:32',130,750,1,0),(768,'2016-11-15 05:24:23',130,751,1,0),(769,'2016-11-15 05:25:21',130,752,1,0),(770,'2016-11-15 05:26:18',130,753,1,0),(771,'2016-11-15 05:27:22',130,754,1,0),(772,'2016-11-15 05:29:09',130,755,13,0),(773,'2016-11-15 05:32:02',130,756,30,0),(774,'2016-11-15 06:17:50',131,757,2,0),(775,'2016-11-15 06:18:49',131,758,2,0),(776,'2016-11-15 06:19:58',131,759,1,0),(777,'2016-11-15 06:20:55',131,760,1,0),(778,'2016-11-15 06:21:49',131,761,2,0),(779,'2016-11-15 06:22:44',131,762,1,0),(780,'2016-11-15 06:23:35',131,763,3,0),(781,'2016-11-15 06:24:16',131,764,1,0),(782,'2016-11-15 06:25:39',131,765,1,0),(783,'2016-11-15 06:26:24',131,766,1,0),(784,'2016-11-15 06:27:15',131,767,1,0),(785,'2016-11-15 06:28:09',131,768,2,0),(786,'2016-11-15 06:28:56',131,769,1,0),(787,'2016-11-15 06:30:19',131,770,3,0),(788,'2016-11-15 06:31:03',131,771,1,0),(789,'2016-11-15 06:31:46',131,772,1,0),(790,'2016-11-15 06:32:37',131,773,1,0),(791,'2016-11-15 06:33:39',131,774,3,0),(792,'2016-11-15 06:34:45',131,775,1,0),(793,'2016-11-15 06:35:30',131,776,1,0),(794,'2016-11-15 06:36:21',131,777,2,0),(795,'2016-11-15 06:36:58',131,778,1,0),(796,'2016-11-15 06:37:44',131,779,1,0),(797,'2016-11-15 06:40:26',131,780,21,0),(798,'2016-11-15 06:43:21',131,781,4,0),(799,'2016-11-15 06:45:35',131,782,20,0),(800,'2016-11-15 07:16:37',126,783,2,0),(801,'2016-11-17 04:31:13',132,784,8,0),(802,'2016-11-17 04:33:14',132,785,24,0),(803,'2016-11-17 04:34:53',132,786,4,0),(804,'2016-11-17 04:36:03',132,787,10,0),(805,'2016-11-17 04:37:52',132,788,15,0),(806,'2016-11-17 04:39:14',132,789,4,0),(807,'2016-11-17 04:41:54',132,790,3,0),(808,'2016-11-17 04:43:11',132,791,10,0),(809,'2016-11-17 04:45:31',132,792,10,0),(810,'2016-11-17 04:49:41',132,793,6,0),(811,'2016-11-17 04:50:55',132,794,1,0),(812,'2016-11-17 04:52:28',132,795,4,0),(813,'2016-11-17 04:54:00',132,796,9,0),(814,'2016-11-17 04:56:40',132,797,45,0),(815,'2016-11-17 04:58:08',132,798,2,0),(816,'2016-11-17 05:00:57',132,799,12,0),(817,'2016-11-17 05:01:56',132,800,1,0),(818,'2016-11-17 05:02:40',132,801,1,0),(819,'2016-11-17 05:03:37',132,802,2,0),(820,'2016-11-17 05:04:35',132,803,3,0),(821,'2016-11-17 05:06:03',132,804,4,0),(822,'2016-11-17 05:07:21',132,805,13,0),(823,'2016-11-17 05:11:10',132,806,59,0),(824,'2016-11-17 06:38:50',133,807,1,0),(825,'2016-11-17 06:39:28',133,808,1,0),(826,'2016-11-17 06:40:46',133,809,5,0),(827,'2016-11-17 06:41:38',133,810,1,0),(828,'2016-11-17 06:42:48',133,811,10,0),(829,'2016-11-17 06:43:34',133,812,1,0),(830,'2016-11-17 06:44:19',133,813,1,0),(831,'2016-11-17 06:45:11',133,814,2,0),(832,'2016-11-17 06:46:02',133,815,1,0),(833,'2016-11-17 06:46:44',133,816,1,0),(834,'2016-11-17 06:47:37',133,817,2,0),(835,'2016-11-17 06:48:28',133,818,4,0),(836,'2016-11-17 06:49:22',133,819,1,0),(837,'2016-11-17 06:50:00',133,820,1,0),(838,'2016-11-17 06:50:42',133,821,1,0),(839,'2016-11-17 06:51:50',133,822,4,0),(840,'2016-11-17 06:52:49',133,823,7,0),(841,'2016-11-17 06:54:42',133,824,20,0),(842,'2016-11-28 08:21:33',134,825,4,0),(843,'2016-11-28 08:25:03',134,826,1,0),(844,'2016-11-28 08:27:31',134,827,1,0),(845,'2016-11-30 04:34:33',135,828,6,0),(846,'2016-11-30 04:35:31',135,829,3,0),(847,'2016-11-30 04:36:39',135,830,9,0),(848,'2017-02-17 05:55:23',140,831,18,0),(849,'2017-02-17 06:06:34',140,832,17,0),(850,'2017-02-17 07:25:36',144,833,18,0),(851,'2017-02-17 07:29:04',144,834,12,0),(852,'2017-02-17 07:31:43',144,835,3,0),(853,'2017-02-17 08:24:39',144,836,12,1),(856,'2017-02-17 08:36:15',146,838,9,0),(857,'2017-02-17 08:38:29',146,839,2,0);
/*!40000 ALTER TABLE `rel_out_item` ENABLE KEYS */;
UNLOCK TABLES;

--
-- Dumping events for database 'qh_logistics'
--

--
-- Dumping routines for database 'qh_logistics'
--
/*!40103 SET TIME_ZONE=@OLD_TIME_ZONE */;

/*!40101 SET SQL_MODE=@OLD_SQL_MODE */;
/*!40014 SET FOREIGN_KEY_CHECKS=@OLD_FOREIGN_KEY_CHECKS */;
/*!40014 SET UNIQUE_CHECKS=@OLD_UNIQUE_CHECKS */;
/*!40101 SET CHARACTER_SET_CLIENT=@OLD_CHARACTER_SET_CLIENT */;
/*!40101 SET CHARACTER_SET_RESULTS=@OLD_CHARACTER_SET_RESULTS */;
/*!40101 SET COLLATION_CONNECTION=@OLD_COLLATION_CONNECTION */;
/*!40111 SET SQL_NOTES=@OLD_SQL_NOTES */;

-- Dump completed on 2017-02-21 11:14:30
